[2026-05-31T18:48:02.082+0000] {manager.py:470} INFO - Processing files using up to 2 processes at a time 
[2026-05-31T18:48:02.313+0000] {manager.py:471} INFO - Process each file at most once every 30 seconds
[2026-05-31T18:48:02.446+0000] {manager.py:472} INFO - Checking for new files in /opt/airflow/dags every 300 seconds
[2026-05-31T18:48:02.458+0000] {manager.py:737} INFO - Searching for files in /opt/airflow/dags
[2026-05-31T18:48:02.861+0000] {manager.py:740} INFO - There are 1 files in /opt/airflow/dags
[2026-05-31T18:48:03.903+0000] {manager.py:878} INFO - 
================================================================================
DAG File Processing Stats

File Path                           PID  Runtime      # DAGs    # Errors  Last Runtime    Last Run
--------------------------------  -----  ---------  --------  ----------  --------------  ----------
/opt/airflow/dags/weather_dag.py    107  0.67s             0           0
================================================================================
[2026-05-31T18:48:34.359+0000] {manager.py:878} INFO - 
================================================================================
DAG File Processing Stats

File Path                         PID    Runtime      # DAGs    # Errors  Last Runtime    Last Run
--------------------------------  -----  ---------  --------  ----------  --------------  -------------------
/opt/airflow/dags/weather_dag.py                           1           0  3.94s           2026-05-31T18:48:07
================================================================================
[2026-05-31T18:49:04.553+0000] {manager.py:878} INFO - 
================================================================================
DAG File Processing Stats

File Path                         PID    Runtime      # DAGs    # Errors  Last Runtime    Last Run
--------------------------------  -----  ---------  --------  ----------  --------------  -------------------
/opt/airflow/dags/weather_dag.py                           1           0  0.89s           2026-05-31T18:48:38
================================================================================
[2026-05-31T18:49:34.662+0000] {manager.py:878} INFO - 
================================================================================
DAG File Processing Stats

File Path                         PID    Runtime      # DAGs    # Errors  Last Runtime    Last Run
--------------------------------  -----  ---------  --------  ----------  --------------  -------------------
/opt/airflow/dags/weather_dag.py                           1           0  0.74s           2026-05-31T18:49:09
================================================================================
[2026-05-31T18:50:04.713+0000] {manager.py:878} INFO - 
================================================================================
DAG File Processing Stats

File Path                         PID    Runtime      # DAGs    # Errors  Last Runtime    Last Run
--------------------------------  -----  ---------  --------  ----------  --------------  -------------------
/opt/airflow/dags/weather_dag.py                           1           0  0.73s           2026-05-31T18:49:40
================================================================================
[2026-05-31T18:50:34.950+0000] {manager.py:878} INFO - 
================================================================================
DAG File Processing Stats

File Path                         PID    Runtime      # DAGs    # Errors  Last Runtime    Last Run
--------------------------------  -----  ---------  --------  ----------  --------------  -------------------
/opt/airflow/dags/weather_dag.py                           1           0  0.83s           2026-05-31T18:50:11
================================================================================
[2026-05-31T18:51:05.288+0000] {manager.py:878} INFO - 
================================================================================
DAG File Processing Stats

File Path                         PID    Runtime      # DAGs    # Errors  Last Runtime    Last Run
--------------------------------  -----  ---------  --------  ----------  --------------  -------------------
/opt/airflow/dags/weather_dag.py                           1           0  0.77s           2026-05-31T18:50:42
================================================================================
[2026-05-31T18:51:35.548+0000] {manager.py:878} INFO - 
================================================================================
DAG File Processing Stats

File Path                         PID    Runtime      # DAGs    # Errors  Last Runtime    Last Run
--------------------------------  -----  ---------  --------  ----------  --------------  -------------------
/opt/airflow/dags/weather_dag.py                           1           0  0.62s           2026-05-31T18:51:13
================================================================================
[2026-05-31T18:52:05.739+0000] {manager.py:878} INFO - 
================================================================================
DAG File Processing Stats

File Path                         PID    Runtime      # DAGs    # Errors  Last Runtime    Last Run
--------------------------------  -----  ---------  --------  ----------  --------------  -------------------
/opt/airflow/dags/weather_dag.py                           1           0  0.85s           2026-05-31T18:51:44
================================================================================
[2026-05-31T18:52:36.263+0000] {manager.py:878} INFO - 
================================================================================
DAG File Processing Stats

File Path                         PID    Runtime      # DAGs    # Errors  Last Runtime    Last Run
--------------------------------  -----  ---------  --------  ----------  --------------  -------------------
/opt/airflow/dags/weather_dag.py                           1           0  0.57s           2026-05-31T18:52:15
================================================================================
[2026-05-31T18:53:02.478+0000] {manager.py:737} INFO - Searching for files in /opt/airflow/dags
[2026-05-31T18:53:02.529+0000] {manager.py:740} INFO - There are 1 files in /opt/airflow/dags
[2026-05-31T18:53:06.604+0000] {manager.py:878} INFO - 
================================================================================
DAG File Processing Stats

File Path                         PID    Runtime      # DAGs    # Errors  Last Runtime    Last Run
--------------------------------  -----  ---------  --------  ----------  --------------  -------------------
/opt/airflow/dags/weather_dag.py                           1           0  0.77s           2026-05-31T18:52:46
================================================================================
[2026-05-31T18:53:36.978+0000] {manager.py:878} INFO - 
================================================================================
DAG File Processing Stats

File Path                         PID    Runtime      # DAGs    # Errors  Last Runtime    Last Run
--------------------------------  -----  ---------  --------  ----------  --------------  -------------------
/opt/airflow/dags/weather_dag.py                           1           0  0.64s           2026-05-31T18:53:17
================================================================================
[2026-05-31T18:54:07.416+0000] {manager.py:878} INFO - 
================================================================================
DAG File Processing Stats

File Path                         PID    Runtime      # DAGs    # Errors  Last Runtime    Last Run
--------------------------------  -----  ---------  --------  ----------  --------------  -------------------
/opt/airflow/dags/weather_dag.py                           1           0  0.66s           2026-05-31T18:53:48
================================================================================
[2026-05-31T18:54:37.708+0000] {manager.py:878} INFO - 
================================================================================
DAG File Processing Stats

File Path                         PID    Runtime      # DAGs    # Errors  Last Runtime    Last Run
--------------------------------  -----  ---------  --------  ----------  --------------  -------------------
/opt/airflow/dags/weather_dag.py                           1           0  1.02s           2026-05-31T18:54:19
================================================================================
[2026-05-31T18:55:08.063+0000] {manager.py:878} INFO - 
================================================================================
DAG File Processing Stats

File Path                         PID    Runtime      # DAGs    # Errors  Last Runtime    Last Run
--------------------------------  -----  ---------  --------  ----------  --------------  -------------------
/opt/airflow/dags/weather_dag.py                           1           0  0.67s           2026-05-31T18:54:50
================================================================================
[2026-05-31T18:55:38.353+0000] {manager.py:878} INFO - 
================================================================================
DAG File Processing Stats

File Path                         PID    Runtime      # DAGs    # Errors  Last Runtime    Last Run
--------------------------------  -----  ---------  --------  ----------  --------------  -------------------
/opt/airflow/dags/weather_dag.py                           1           0  0.70s           2026-05-31T18:55:21
================================================================================
[2026-05-31T18:56:08.480+0000] {manager.py:878} INFO - 
================================================================================
DAG File Processing Stats

File Path                         PID    Runtime      # DAGs    # Errors  Last Runtime    Last Run
--------------------------------  -----  ---------  --------  ----------  --------------  -------------------
/opt/airflow/dags/weather_dag.py                           1           0  0.63s           2026-05-31T18:55:52
================================================================================
[2026-05-31T18:56:38.526+0000] {manager.py:878} INFO - 
================================================================================
DAG File Processing Stats

File Path                         PID    Runtime      # DAGs    # Errors  Last Runtime    Last Run
--------------------------------  -----  ---------  --------  ----------  --------------  -------------------
/opt/airflow/dags/weather_dag.py                           1           0  0.76s           2026-05-31T18:56:23
================================================================================
[2026-05-31T18:57:08.741+0000] {manager.py:878} INFO - 
================================================================================
DAG File Processing Stats

File Path                         PID    Runtime      # DAGs    # Errors  Last Runtime    Last Run
--------------------------------  -----  ---------  --------  ----------  --------------  -------------------
/opt/airflow/dags/weather_dag.py                           1           0  0.94s           2026-05-31T18:56:54
================================================================================
[2026-05-31T18:57:38.870+0000] {manager.py:878} INFO - 
================================================================================
DAG File Processing Stats

File Path                         PID    Runtime      # DAGs    # Errors  Last Runtime    Last Run
--------------------------------  -----  ---------  --------  ----------  --------------  -------------------
/opt/airflow/dags/weather_dag.py                           1           0  0.97s           2026-05-31T18:57:25
================================================================================
[2026-05-31T18:58:02.989+0000] {manager.py:737} INFO - Searching for files in /opt/airflow/dags
[2026-05-31T18:58:03.037+0000] {manager.py:740} INFO - There are 1 files in /opt/airflow/dags
[2026-05-31T18:58:09.131+0000] {manager.py:878} INFO - 
================================================================================
DAG File Processing Stats

File Path                         PID    Runtime      # DAGs    # Errors  Last Runtime    Last Run
--------------------------------  -----  ---------  --------  ----------  --------------  -------------------
/opt/airflow/dags/weather_dag.py                           1           0  0.84s           2026-05-31T18:57:56
================================================================================
[2026-05-31T18:58:39.193+0000] {manager.py:878} INFO - 
================================================================================
DAG File Processing Stats

File Path                         PID    Runtime      # DAGs    # Errors  Last Runtime    Last Run
--------------------------------  -----  ---------  --------  ----------  --------------  -------------------
/opt/airflow/dags/weather_dag.py                           1           0  0.76s           2026-05-31T18:58:28
================================================================================
[2026-05-31T18:59:09.820+0000] {manager.py:878} INFO - 
================================================================================
DAG File Processing Stats

File Path                         PID    Runtime      # DAGs    # Errors  Last Runtime    Last Run
--------------------------------  -----  ---------  --------  ----------  --------------  -------------------
/opt/airflow/dags/weather_dag.py                           1           0  0.58s           2026-05-31T18:58:58
================================================================================
[2026-05-31T18:59:40.191+0000] {manager.py:878} INFO - 
================================================================================
DAG File Processing Stats

File Path                         PID    Runtime      # DAGs    # Errors  Last Runtime    Last Run
--------------------------------  -----  ---------  --------  ----------  --------------  -------------------
/opt/airflow/dags/weather_dag.py                           1           0  1.06s           2026-05-31T18:59:30
================================================================================
[2026-05-31T19:00:10.500+0000] {manager.py:878} INFO - 
================================================================================
DAG File Processing Stats

File Path                         PID    Runtime      # DAGs    # Errors  Last Runtime    Last Run
--------------------------------  -----  ---------  --------  ----------  --------------  -------------------
/opt/airflow/dags/weather_dag.py                           1           0  0.73s           2026-05-31T19:00:01
================================================================================
[2026-05-31T19:00:40.721+0000] {manager.py:878} INFO - 
================================================================================
DAG File Processing Stats

File Path                         PID    Runtime      # DAGs    # Errors  Last Runtime    Last Run
--------------------------------  -----  ---------  --------  ----------  --------------  -------------------
/opt/airflow/dags/weather_dag.py                           1           0  0.63s           2026-05-31T19:00:31
================================================================================
[2026-05-31T19:01:11.051+0000] {manager.py:878} INFO - 
================================================================================
DAG File Processing Stats

File Path                         PID    Runtime      # DAGs    # Errors  Last Runtime    Last Run
--------------------------------  -----  ---------  --------  ----------  --------------  -------------------
/opt/airflow/dags/weather_dag.py                           1           0  1.00s           2026-05-31T19:01:03
================================================================================
[2026-05-31T19:01:41.375+0000] {manager.py:878} INFO - 
================================================================================
DAG File Processing Stats

File Path                         PID    Runtime      # DAGs    # Errors  Last Runtime    Last Run
--------------------------------  -----  ---------  --------  ----------  --------------  -------------------
/opt/airflow/dags/weather_dag.py                           1           0  0.99s           2026-05-31T19:01:34
================================================================================
[2026-05-31T19:02:11.676+0000] {manager.py:878} INFO - 
================================================================================
DAG File Processing Stats

File Path                         PID    Runtime      # DAGs    # Errors  Last Runtime    Last Run
--------------------------------  -----  ---------  --------  ----------  --------------  -------------------
/opt/airflow/dags/weather_dag.py                           1           0  0.85s           2026-05-31T19:02:05
================================================================================
[2026-05-31T19:02:42.109+0000] {manager.py:878} INFO - 
================================================================================
DAG File Processing Stats

File Path                         PID    Runtime      # DAGs    # Errors  Last Runtime    Last Run
--------------------------------  -----  ---------  --------  ----------  --------------  -------------------
/opt/airflow/dags/weather_dag.py                           1           0  1.04s           2026-05-31T19:02:37
================================================================================
[2026-05-31T19:03:03.293+0000] {manager.py:737} INFO - Searching for files in /opt/airflow/dags
[2026-05-31T19:03:03.399+0000] {manager.py:740} INFO - There are 1 files in /opt/airflow/dags
[2026-05-31T19:03:12.572+0000] {manager.py:878} INFO - 
================================================================================
DAG File Processing Stats

File Path                         PID    Runtime      # DAGs    # Errors  Last Runtime    Last Run
--------------------------------  -----  ---------  --------  ----------  --------------  -------------------
/opt/airflow/dags/weather_dag.py                           1           0  0.96s           2026-05-31T19:03:08
================================================================================
[2026-05-31T19:03:42.811+0000] {manager.py:878} INFO - 
================================================================================
DAG File Processing Stats

File Path                         PID    Runtime      # DAGs    # Errors  Last Runtime    Last Run
--------------------------------  -----  ---------  --------  ----------  --------------  -------------------
/opt/airflow/dags/weather_dag.py                           1           0  0.95s           2026-05-31T19:03:39
================================================================================
[2026-05-31T19:04:13.148+0000] {manager.py:878} INFO - 
================================================================================
DAG File Processing Stats

File Path                         PID    Runtime      # DAGs    # Errors  Last Runtime    Last Run
--------------------------------  -----  ---------  --------  ----------  --------------  -------------------
/opt/airflow/dags/weather_dag.py                           1           0  0.68s           2026-05-31T19:04:10
================================================================================
[2026-05-31T19:04:43.424+0000] {manager.py:878} INFO - 
================================================================================
DAG File Processing Stats

File Path                         PID    Runtime      # DAGs    # Errors  Last Runtime    Last Run
--------------------------------  -----  ---------  --------  ----------  --------------  -------------------
/opt/airflow/dags/weather_dag.py                           1           0  0.71s           2026-05-31T19:04:41
================================================================================
[2026-05-31T19:05:13.752+0000] {manager.py:878} INFO - 
================================================================================
DAG File Processing Stats

File Path                         PID    Runtime      # DAGs    # Errors  Last Runtime    Last Run
--------------------------------  -----  ---------  --------  ----------  --------------  -------------------
/opt/airflow/dags/weather_dag.py                           1           0  0.76s           2026-05-31T19:05:12
================================================================================
[2026-05-31T19:05:43.822+0000] {manager.py:878} INFO - 
================================================================================
DAG File Processing Stats

File Path                         PID    Runtime      # DAGs    # Errors  Last Runtime    Last Run
--------------------------------  -----  ---------  --------  ----------  --------------  -------------------
/opt/airflow/dags/weather_dag.py                           1           0  0.79s           2026-05-31T19:05:43
================================================================================
[2026-05-31T19:06:14.250+0000] {manager.py:878} INFO - 
================================================================================
DAG File Processing Stats

File Path                           PID  Runtime      # DAGs    # Errors  Last Runtime    Last Run
--------------------------------  -----  ---------  --------  ----------  --------------  -------------------
/opt/airflow/dags/weather_dag.py    412  0.02s             1           0  0.79s           2026-05-31T19:05:43
================================================================================
[2026-05-31T19:06:44.718+0000] {manager.py:878} INFO - 
================================================================================
DAG File Processing Stats

File Path                         PID    Runtime      # DAGs    # Errors  Last Runtime    Last Run
--------------------------------  -----  ---------  --------  ----------  --------------  -------------------
/opt/airflow/dags/weather_dag.py                           1           0  1.42s           2026-05-31T19:06:15
================================================================================
[2026-05-31T19:07:14.863+0000] {manager.py:878} INFO - 
================================================================================
DAG File Processing Stats

File Path                         PID    Runtime      # DAGs    # Errors  Last Runtime    Last Run
--------------------------------  -----  ---------  --------  ----------  --------------  -------------------
/opt/airflow/dags/weather_dag.py                           1           0  0.73s           2026-05-31T19:06:46
================================================================================
[2026-05-31T19:07:45.537+0000] {manager.py:878} INFO - 
================================================================================
DAG File Processing Stats

File Path                         PID    Runtime      # DAGs    # Errors  Last Runtime    Last Run
--------------------------------  -----  ---------  --------  ----------  --------------  -------------------
/opt/airflow/dags/weather_dag.py                           1           0  0.61s           2026-05-31T19:07:17
================================================================================
[2026-05-31T19:08:03.991+0000] {manager.py:737} INFO - Searching for files in /opt/airflow/dags
[2026-05-31T19:08:04.030+0000] {manager.py:740} INFO - There are 1 files in /opt/airflow/dags
[2026-05-31T19:08:16.259+0000] {manager.py:878} INFO - 
================================================================================
DAG File Processing Stats

File Path                         PID    Runtime      # DAGs    # Errors  Last Runtime    Last Run
--------------------------------  -----  ---------  --------  ----------  --------------  -------------------
/opt/airflow/dags/weather_dag.py                           1           0  0.58s           2026-05-31T19:07:48
================================================================================
[2026-05-31T19:08:46.353+0000] {manager.py:878} INFO - 
================================================================================
DAG File Processing Stats

File Path                         PID    Runtime      # DAGs    # Errors  Last Runtime    Last Run
--------------------------------  -----  ---------  --------  ----------  --------------  -------------------
/opt/airflow/dags/weather_dag.py                           1           0  0.74s           2026-05-31T19:08:19
================================================================================
[2026-05-31T19:09:16.824+0000] {manager.py:878} INFO - 
================================================================================
DAG File Processing Stats

File Path                         PID    Runtime      # DAGs    # Errors  Last Runtime    Last Run
--------------------------------  -----  ---------  --------  ----------  --------------  -------------------
/opt/airflow/dags/weather_dag.py                           1           0  1.24s           2026-05-31T19:08:50
================================================================================
[2026-05-31T19:09:46.844+0000] {manager.py:878} INFO - 
================================================================================
DAG File Processing Stats

File Path                         PID    Runtime      # DAGs    # Errors  Last Runtime    Last Run
--------------------------------  -----  ---------  --------  ----------  --------------  -------------------
/opt/airflow/dags/weather_dag.py                           1           0  0.66s           2026-05-31T19:09:21
================================================================================
[2026-05-31T19:10:17.184+0000] {manager.py:878} INFO - 
================================================================================
DAG File Processing Stats

File Path                         PID    Runtime      # DAGs    # Errors  Last Runtime    Last Run
--------------------------------  -----  ---------  --------  ----------  --------------  -------------------
/opt/airflow/dags/weather_dag.py                           1           0  1.05s           2026-05-31T19:09:52
================================================================================
[2026-05-31T19:10:47.240+0000] {manager.py:878} INFO - 
================================================================================
DAG File Processing Stats

File Path                         PID    Runtime      # DAGs    # Errors  Last Runtime    Last Run
--------------------------------  -----  ---------  --------  ----------  --------------  -------------------
/opt/airflow/dags/weather_dag.py                           1           0  0.71s           2026-05-31T19:10:23
================================================================================
[2026-05-31T19:11:17.498+0000] {manager.py:878} INFO - 
================================================================================
DAG File Processing Stats

File Path                         PID    Runtime      # DAGs    # Errors  Last Runtime    Last Run
--------------------------------  -----  ---------  --------  ----------  --------------  -------------------
/opt/airflow/dags/weather_dag.py                           1           0  0.95s           2026-05-31T19:10:55
================================================================================
[2026-05-31T19:11:47.517+0000] {manager.py:878} INFO - 
================================================================================
DAG File Processing Stats

File Path                         PID    Runtime      # DAGs    # Errors  Last Runtime    Last Run
--------------------------------  -----  ---------  --------  ----------  --------------  -------------------
/opt/airflow/dags/weather_dag.py                           1           0  0.73s           2026-05-31T19:11:26
================================================================================
[2026-05-31T19:12:17.874+0000] {manager.py:878} INFO - 
================================================================================
DAG File Processing Stats

File Path                         PID    Runtime      # DAGs    # Errors  Last Runtime    Last Run
--------------------------------  -----  ---------  --------  ----------  --------------  -------------------
/opt/airflow/dags/weather_dag.py                           1           0  1.18s           2026-05-31T19:11:57
================================================================================
[2026-05-31T19:12:48.119+0000] {manager.py:878} INFO - 
================================================================================
DAG File Processing Stats

File Path                         PID    Runtime      # DAGs    # Errors  Last Runtime    Last Run
--------------------------------  -----  ---------  --------  ----------  --------------  -------------------
/opt/airflow/dags/weather_dag.py                           1           0  0.82s           2026-05-31T19:12:28
================================================================================
[2026-05-31T19:13:04.633+0000] {manager.py:737} INFO - Searching for files in /opt/airflow/dags
[2026-05-31T19:13:04.808+0000] {manager.py:740} INFO - There are 1 files in /opt/airflow/dags
[2026-05-31T19:13:19.111+0000] {manager.py:878} INFO - 
================================================================================
DAG File Processing Stats

File Path                         PID    Runtime      # DAGs    # Errors  Last Runtime    Last Run
--------------------------------  -----  ---------  --------  ----------  --------------  -------------------
/opt/airflow/dags/weather_dag.py                           1           0  1.24s           2026-05-31T19:13:00
================================================================================
[2026-05-31T19:13:49.631+0000] {manager.py:878} INFO - 
================================================================================
DAG File Processing Stats

File Path                         PID    Runtime      # DAGs    # Errors  Last Runtime    Last Run
--------------------------------  -----  ---------  --------  ----------  --------------  -------------------
/opt/airflow/dags/weather_dag.py                           1           0  1.07s           2026-05-31T19:13:32
================================================================================
[2026-05-31T19:14:20.146+0000] {manager.py:878} INFO - 
================================================================================
DAG File Processing Stats

File Path                         PID    Runtime      # DAGs    # Errors  Last Runtime    Last Run
--------------------------------  -----  ---------  --------  ----------  --------------  -------------------
/opt/airflow/dags/weather_dag.py                           1           0  1.04s           2026-05-31T19:14:03
================================================================================
[2026-05-31T19:14:50.443+0000] {manager.py:878} INFO - 
================================================================================
DAG File Processing Stats

File Path                         PID    Runtime      # DAGs    # Errors  Last Runtime    Last Run
--------------------------------  -----  ---------  --------  ----------  --------------  -------------------
/opt/airflow/dags/weather_dag.py                           1           0  0.97s           2026-05-31T19:14:35
================================================================================
[2026-05-31T19:15:20.506+0000] {manager.py:878} INFO - 
================================================================================
DAG File Processing Stats

File Path                         PID    Runtime      # DAGs    # Errors  Last Runtime    Last Run
--------------------------------  -----  ---------  --------  ----------  --------------  -------------------
/opt/airflow/dags/weather_dag.py                           1           0  0.69s           2026-05-31T19:15:06
================================================================================
[2026-05-31T19:15:51.153+0000] {manager.py:878} INFO - 
================================================================================
DAG File Processing Stats

File Path                         PID    Runtime      # DAGs    # Errors  Last Runtime    Last Run
--------------------------------  -----  ---------  --------  ----------  --------------  -------------------
/opt/airflow/dags/weather_dag.py                           1           0  0.71s           2026-05-31T19:15:37
================================================================================
[2026-05-31T19:16:21.471+0000] {manager.py:878} INFO - 
================================================================================
DAG File Processing Stats

File Path                         PID    Runtime      # DAGs    # Errors  Last Runtime    Last Run
--------------------------------  -----  ---------  --------  ----------  --------------  -------------------
/opt/airflow/dags/weather_dag.py                           1           0  0.72s           2026-05-31T19:16:08
================================================================================
[2026-05-31T19:16:51.719+0000] {manager.py:878} INFO - 
================================================================================
DAG File Processing Stats

File Path                         PID    Runtime      # DAGs    # Errors  Last Runtime    Last Run
--------------------------------  -----  ---------  --------  ----------  --------------  -------------------
/opt/airflow/dags/weather_dag.py                           1           0  0.84s           2026-05-31T19:16:39
================================================================================
[2026-05-31T19:17:21.884+0000] {manager.py:878} INFO - 
================================================================================
DAG File Processing Stats

File Path                         PID    Runtime      # DAGs    # Errors  Last Runtime    Last Run
--------------------------------  -----  ---------  --------  ----------  --------------  -------------------
/opt/airflow/dags/weather_dag.py                           1           0  0.88s           2026-05-31T19:17:10
================================================================================
[2026-05-31T19:17:51.980+0000] {manager.py:878} INFO - 
================================================================================
DAG File Processing Stats

File Path                         PID    Runtime      # DAGs    # Errors  Last Runtime    Last Run
--------------------------------  -----  ---------  --------  ----------  --------------  -------------------
/opt/airflow/dags/weather_dag.py                           1           0  0.75s           2026-05-31T19:17:41
================================================================================
[2026-05-31T19:18:04.874+0000] {manager.py:737} INFO - Searching for files in /opt/airflow/dags
[2026-05-31T19:18:05.024+0000] {manager.py:740} INFO - There are 1 files in /opt/airflow/dags
[2026-05-31T19:18:22.079+0000] {manager.py:878} INFO - 
================================================================================
DAG File Processing Stats

File Path                         PID    Runtime      # DAGs    # Errors  Last Runtime    Last Run
--------------------------------  -----  ---------  --------  ----------  --------------  -------------------
/opt/airflow/dags/weather_dag.py                           1           0  0.84s           2026-05-31T19:18:12
================================================================================
[2026-05-31T19:18:52.592+0000] {manager.py:878} INFO - 
================================================================================
DAG File Processing Stats

File Path                         PID    Runtime      # DAGs    # Errors  Last Runtime    Last Run
--------------------------------  -----  ---------  --------  ----------  --------------  -------------------
/opt/airflow/dags/weather_dag.py                           1           0  0.64s           2026-05-31T19:18:43
================================================================================
[2026-05-31T19:19:22.831+0000] {manager.py:878} INFO - 
================================================================================
DAG File Processing Stats

File Path                         PID    Runtime      # DAGs    # Errors  Last Runtime    Last Run
--------------------------------  -----  ---------  --------  ----------  --------------  -------------------
/opt/airflow/dags/weather_dag.py                           1           0  1.46s           2026-05-31T19:19:15
================================================================================
[2026-05-31T19:19:52.896+0000] {manager.py:878} INFO - 
================================================================================
DAG File Processing Stats

File Path                         PID    Runtime      # DAGs    # Errors  Last Runtime    Last Run
--------------------------------  -----  ---------  --------  ----------  --------------  -------------------
/opt/airflow/dags/weather_dag.py                           1           0  0.64s           2026-05-31T19:19:46
================================================================================
[2026-05-31T19:20:23.193+0000] {manager.py:878} INFO - 
================================================================================
DAG File Processing Stats

File Path                         PID    Runtime      # DAGs    # Errors  Last Runtime    Last Run
--------------------------------  -----  ---------  --------  ----------  --------------  -------------------
/opt/airflow/dags/weather_dag.py                           1           0  0.67s           2026-05-31T19:20:17
================================================================================
[2026-05-31T19:20:53.450+0000] {manager.py:878} INFO - 
================================================================================
DAG File Processing Stats

File Path                         PID    Runtime      # DAGs    # Errors  Last Runtime    Last Run
--------------------------------  -----  ---------  --------  ----------  --------------  -------------------
/opt/airflow/dags/weather_dag.py                           1           0  0.59s           2026-05-31T19:20:48
================================================================================
[2026-05-31T19:21:23.973+0000] {manager.py:878} INFO - 
================================================================================
DAG File Processing Stats

File Path                         PID    Runtime      # DAGs    # Errors  Last Runtime    Last Run
--------------------------------  -----  ---------  --------  ----------  --------------  -------------------
/opt/airflow/dags/weather_dag.py                           1           0  0.55s           2026-05-31T19:21:19
================================================================================
[2026-05-31T19:21:54.206+0000] {manager.py:878} INFO - 
================================================================================
DAG File Processing Stats

File Path                         PID    Runtime      # DAGs    # Errors  Last Runtime    Last Run
--------------------------------  -----  ---------  --------  ----------  --------------  -------------------
/opt/airflow/dags/weather_dag.py                           1           0  0.69s           2026-05-31T19:21:50
================================================================================
[2026-05-31T19:22:24.268+0000] {manager.py:878} INFO - 
================================================================================
DAG File Processing Stats

File Path                         PID    Runtime      # DAGs    # Errors  Last Runtime    Last Run
--------------------------------  -----  ---------  --------  ----------  --------------  -------------------
/opt/airflow/dags/weather_dag.py                           1           0  0.72s           2026-05-31T19:22:21
================================================================================
[2026-05-31T19:22:54.837+0000] {manager.py:878} INFO - 
================================================================================
DAG File Processing Stats

File Path                         PID    Runtime      # DAGs    # Errors  Last Runtime    Last Run
--------------------------------  -----  ---------  --------  ----------  --------------  -------------------
/opt/airflow/dags/weather_dag.py                           1           0  0.59s           2026-05-31T19:22:52
================================================================================
[2026-05-31T19:23:04.899+0000] {manager.py:737} INFO - Searching for files in /opt/airflow/dags
[2026-05-31T19:23:04.930+0000] {manager.py:740} INFO - There are 1 files in /opt/airflow/dags
[2026-05-31T19:23:25.089+0000] {manager.py:878} INFO - 
================================================================================
DAG File Processing Stats

File Path                         PID    Runtime      # DAGs    # Errors  Last Runtime    Last Run
--------------------------------  -----  ---------  --------  ----------  --------------  -------------------
/opt/airflow/dags/weather_dag.py                           1           0  0.72s           2026-05-31T19:23:23
================================================================================
[2026-05-31T19:23:55.646+0000] {manager.py:878} INFO - 
================================================================================
DAG File Processing Stats

File Path                         PID    Runtime      # DAGs    # Errors  Last Runtime    Last Run
--------------------------------  -----  ---------  --------  ----------  --------------  -------------------
/opt/airflow/dags/weather_dag.py                           1           0  0.69s           2026-05-31T19:23:53
================================================================================
[2026-05-31T19:24:25.853+0000] {manager.py:878} INFO - 
================================================================================
DAG File Processing Stats

File Path                         PID    Runtime      # DAGs    # Errors  Last Runtime    Last Run
--------------------------------  -----  ---------  --------  ----------  --------------  -------------------
/opt/airflow/dags/weather_dag.py                           1           0  0.63s           2026-05-31T19:24:24
================================================================================
[2026-05-31T19:24:56.187+0000] {manager.py:878} INFO - 
================================================================================
DAG File Processing Stats

File Path                         PID    Runtime      # DAGs    # Errors  Last Runtime    Last Run
--------------------------------  -----  ---------  --------  ----------  --------------  -------------------
/opt/airflow/dags/weather_dag.py                           1           0  0.64s           2026-05-31T19:24:55
================================================================================
[2026-05-31T19:25:26.444+0000] {manager.py:878} INFO - 
================================================================================
DAG File Processing Stats

File Path                           PID  Runtime      # DAGs    # Errors  Last Runtime    Last Run
--------------------------------  -----  ---------  --------  ----------  --------------  -------------------
/opt/airflow/dags/weather_dag.py    719  0.44s             1           0  0.64s           2026-05-31T19:24:55
================================================================================
[2026-05-31T19:25:56.783+0000] {manager.py:878} INFO - 
================================================================================
DAG File Processing Stats

File Path                           PID  Runtime      # DAGs    # Errors  Last Runtime    Last Run
--------------------------------  -----  ---------  --------  ----------  --------------  -------------------
/opt/airflow/dags/weather_dag.py    727  0.01s             1           0  0.62s           2026-05-31T19:25:26
================================================================================
[2026-05-31T19:26:27.126+0000] {manager.py:878} INFO - 
================================================================================
DAG File Processing Stats

File Path                         PID    Runtime      # DAGs    # Errors  Last Runtime    Last Run
--------------------------------  -----  ---------  --------  ----------  --------------  -------------------
/opt/airflow/dags/weather_dag.py                           1           0  0.66s           2026-05-31T19:25:57
================================================================================
[2026-05-31T19:26:57.395+0000] {manager.py:878} INFO - 
================================================================================
DAG File Processing Stats

File Path                         PID    Runtime      # DAGs    # Errors  Last Runtime    Last Run
--------------------------------  -----  ---------  --------  ----------  --------------  -------------------
/opt/airflow/dags/weather_dag.py                           1           0  0.72s           2026-05-31T19:26:28
================================================================================
[2026-05-31T19:27:27.621+0000] {manager.py:878} INFO - 
================================================================================
DAG File Processing Stats

File Path                         PID    Runtime      # DAGs    # Errors  Last Runtime    Last Run
--------------------------------  -----  ---------  --------  ----------  --------------  -------------------
/opt/airflow/dags/weather_dag.py                           1           0  0.59s           2026-05-31T19:26:59
================================================================================
[2026-05-31T19:27:58.407+0000] {manager.py:878} INFO - 
================================================================================
DAG File Processing Stats

File Path                         PID    Runtime      # DAGs    # Errors  Last Runtime    Last Run
--------------------------------  -----  ---------  --------  ----------  --------------  -------------------
/opt/airflow/dags/weather_dag.py                           1           0  0.62s           2026-05-31T19:27:30
================================================================================
[2026-05-31T19:28:05.432+0000] {manager.py:737} INFO - Searching for files in /opt/airflow/dags
[2026-05-31T19:28:05.560+0000] {manager.py:740} INFO - There are 1 files in /opt/airflow/dags
[2026-05-31T19:28:28.806+0000] {manager.py:878} INFO - 
================================================================================
DAG File Processing Stats

File Path                         PID    Runtime      # DAGs    # Errors  Last Runtime    Last Run
--------------------------------  -----  ---------  --------  ----------  --------------  -------------------
/opt/airflow/dags/weather_dag.py                           1           0  0.95s           2026-05-31T19:28:01
================================================================================
[2026-05-31T19:28:59.069+0000] {manager.py:878} INFO - 
================================================================================
DAG File Processing Stats

File Path                         PID    Runtime      # DAGs    # Errors  Last Runtime    Last Run
--------------------------------  -----  ---------  --------  ----------  --------------  -------------------
/opt/airflow/dags/weather_dag.py                           1           0  0.54s           2026-05-31T19:28:32
================================================================================
[2026-05-31T19:29:29.388+0000] {manager.py:878} INFO - 
================================================================================
DAG File Processing Stats

File Path                         PID    Runtime      # DAGs    # Errors  Last Runtime    Last Run
--------------------------------  -----  ---------  --------  ----------  --------------  -------------------
/opt/airflow/dags/weather_dag.py                           1           0  0.81s           2026-05-31T19:29:03
================================================================================
[2026-05-31T19:29:59.485+0000] {manager.py:878} INFO - 
================================================================================
DAG File Processing Stats

File Path                         PID    Runtime      # DAGs    # Errors  Last Runtime    Last Run
--------------------------------  -----  ---------  --------  ----------  --------------  -------------------
/opt/airflow/dags/weather_dag.py                           1           0  0.53s           2026-05-31T19:29:34
================================================================================
[2026-05-31T19:30:30.221+0000] {manager.py:878} INFO - 
================================================================================
DAG File Processing Stats

File Path                         PID    Runtime      # DAGs    # Errors  Last Runtime    Last Run
--------------------------------  -----  ---------  --------  ----------  --------------  -------------------
/opt/airflow/dags/weather_dag.py                           1           0  0.52s           2026-05-31T19:30:05
================================================================================
[2026-05-31T19:31:00.312+0000] {manager.py:878} INFO - 
================================================================================
DAG File Processing Stats

File Path                         PID    Runtime      # DAGs    # Errors  Last Runtime    Last Run
--------------------------------  -----  ---------  --------  ----------  --------------  -------------------
/opt/airflow/dags/weather_dag.py                           1           0  0.84s           2026-05-31T19:30:36
================================================================================
[2026-05-31T19:31:30.781+0000] {manager.py:878} INFO - 
================================================================================
DAG File Processing Stats

File Path                         PID    Runtime      # DAGs    # Errors  Last Runtime    Last Run
--------------------------------  -----  ---------  --------  ----------  --------------  -------------------
/opt/airflow/dags/weather_dag.py                           1           0  0.62s           2026-05-31T19:31:06
================================================================================
[2026-05-31T19:32:00.934+0000] {manager.py:878} INFO - 
================================================================================
DAG File Processing Stats

File Path                         PID    Runtime      # DAGs    # Errors  Last Runtime    Last Run
--------------------------------  -----  ---------  --------  ----------  --------------  -------------------
/opt/airflow/dags/weather_dag.py                           1           0  0.55s           2026-05-31T19:31:37
================================================================================
[2026-05-31T19:32:31.622+0000] {manager.py:878} INFO - 
================================================================================
DAG File Processing Stats

File Path                         PID    Runtime      # DAGs    # Errors  Last Runtime    Last Run
--------------------------------  -----  ---------  --------  ----------  --------------  -------------------
/opt/airflow/dags/weather_dag.py                           1           0  0.67s           2026-05-31T19:32:08
================================================================================
[2026-05-31T19:33:02.161+0000] {manager.py:878} INFO - 
================================================================================
DAG File Processing Stats

File Path                         PID    Runtime      # DAGs    # Errors  Last Runtime    Last Run
--------------------------------  -----  ---------  --------  ----------  --------------  -------------------
/opt/airflow/dags/weather_dag.py                           1           0  0.49s           2026-05-31T19:32:39
================================================================================
[2026-05-31T19:33:06.201+0000] {manager.py:737} INFO - Searching for files in /opt/airflow/dags
[2026-05-31T19:33:06.275+0000] {manager.py:740} INFO - There are 1 files in /opt/airflow/dags
[2026-05-31T19:33:32.567+0000] {manager.py:878} INFO - 
================================================================================
DAG File Processing Stats

File Path                         PID    Runtime      # DAGs    # Errors  Last Runtime    Last Run
--------------------------------  -----  ---------  --------  ----------  --------------  -------------------
/opt/airflow/dags/weather_dag.py                           1           0  0.62s           2026-05-31T19:33:09
================================================================================
[2026-05-31T19:34:02.811+0000] {manager.py:878} INFO - 
================================================================================
DAG File Processing Stats

File Path                         PID    Runtime      # DAGs    # Errors  Last Runtime    Last Run
--------------------------------  -----  ---------  --------  ----------  --------------  -------------------
/opt/airflow/dags/weather_dag.py                           1           0  0.66s           2026-05-31T19:33:40
================================================================================
[2026-05-31T19:34:33.062+0000] {manager.py:878} INFO - 
================================================================================
DAG File Processing Stats

File Path                         PID    Runtime      # DAGs    # Errors  Last Runtime    Last Run
--------------------------------  -----  ---------  --------  ----------  --------------  -------------------
/opt/airflow/dags/weather_dag.py                           1           0  0.72s           2026-05-31T19:34:11
================================================================================
[2026-05-31T19:35:03.309+0000] {manager.py:878} INFO - 
================================================================================
DAG File Processing Stats

File Path                         PID    Runtime      # DAGs    # Errors  Last Runtime    Last Run
--------------------------------  -----  ---------  --------  ----------  --------------  -------------------
/opt/airflow/dags/weather_dag.py                           1           0  0.51s           2026-05-31T19:34:42
================================================================================
[2026-05-31T19:35:33.524+0000] {manager.py:878} INFO - 
================================================================================
DAG File Processing Stats

File Path                         PID    Runtime      # DAGs    # Errors  Last Runtime    Last Run
--------------------------------  -----  ---------  --------  ----------  --------------  -------------------
/opt/airflow/dags/weather_dag.py                           1           0  0.64s           2026-05-31T19:35:13
================================================================================
[2026-05-31T19:36:03.677+0000] {manager.py:878} INFO - 
================================================================================
DAG File Processing Stats

File Path                         PID    Runtime      # DAGs    # Errors  Last Runtime    Last Run
--------------------------------  -----  ---------  --------  ----------  --------------  -------------------
/opt/airflow/dags/weather_dag.py                           1           0  0.69s           2026-05-31T19:35:44
================================================================================
[2026-05-31T19:36:34.341+0000] {manager.py:878} INFO - 
================================================================================
DAG File Processing Stats

File Path                         PID    Runtime      # DAGs    # Errors  Last Runtime    Last Run
--------------------------------  -----  ---------  --------  ----------  --------------  -------------------
/opt/airflow/dags/weather_dag.py                           1           0  0.55s           2026-05-31T19:36:15
================================================================================
[2026-05-31T19:37:04.738+0000] {manager.py:878} INFO - 
================================================================================
DAG File Processing Stats

File Path                         PID    Runtime      # DAGs    # Errors  Last Runtime    Last Run
--------------------------------  -----  ---------  --------  ----------  --------------  -------------------
/opt/airflow/dags/weather_dag.py                           1           0  0.94s           2026-05-31T19:36:46
================================================================================
[2026-05-31T19:37:35.290+0000] {manager.py:878} INFO - 
================================================================================
DAG File Processing Stats

File Path                         PID    Runtime      # DAGs    # Errors  Last Runtime    Last Run
--------------------------------  -----  ---------  --------  ----------  --------------  -------------------
/opt/airflow/dags/weather_dag.py                           1           0  0.62s           2026-05-31T19:37:17
================================================================================
[2026-05-31T19:38:05.563+0000] {manager.py:878} INFO - 
================================================================================
DAG File Processing Stats

File Path                         PID    Runtime      # DAGs    # Errors  Last Runtime    Last Run
--------------------------------  -----  ---------  --------  ----------  --------------  -------------------
/opt/airflow/dags/weather_dag.py                           1           0  0.82s           2026-05-31T19:37:48
================================================================================
[2026-05-31T19:38:06.570+0000] {manager.py:737} INFO - Searching for files in /opt/airflow/dags
[2026-05-31T19:38:06.614+0000] {manager.py:740} INFO - There are 1 files in /opt/airflow/dags
[2026-05-31T19:38:35.877+0000] {manager.py:878} INFO - 
================================================================================
DAG File Processing Stats

File Path                         PID    Runtime      # DAGs    # Errors  Last Runtime    Last Run
--------------------------------  -----  ---------  --------  ----------  --------------  -------------------
/opt/airflow/dags/weather_dag.py                           1           0  0.63s           2026-05-31T19:38:19
================================================================================
[2026-05-31T19:39:06.156+0000] {manager.py:878} INFO - 
================================================================================
DAG File Processing Stats

File Path                         PID    Runtime      # DAGs    # Errors  Last Runtime    Last Run
--------------------------------  -----  ---------  --------  ----------  --------------  -------------------
/opt/airflow/dags/weather_dag.py                           1           0  1.04s           2026-05-31T19:38:50
================================================================================
[2026-05-31T19:39:36.235+0000] {manager.py:878} INFO - 
================================================================================
DAG File Processing Stats

File Path                         PID    Runtime      # DAGs    # Errors  Last Runtime    Last Run
--------------------------------  -----  ---------  --------  ----------  --------------  -------------------
/opt/airflow/dags/weather_dag.py                           1           0  1.15s           2026-05-31T19:39:22
================================================================================
[2026-05-31T19:40:06.613+0000] {manager.py:878} INFO - 
================================================================================
DAG File Processing Stats

File Path                         PID    Runtime      # DAGs    # Errors  Last Runtime    Last Run
--------------------------------  -----  ---------  --------  ----------  --------------  -------------------
/opt/airflow/dags/weather_dag.py                           1           0  0.53s           2026-05-31T19:39:52
================================================================================
[2026-05-31T19:40:36.732+0000] {manager.py:878} INFO - 
================================================================================
DAG File Processing Stats

File Path                         PID    Runtime      # DAGs    # Errors  Last Runtime    Last Run
--------------------------------  -----  ---------  --------  ----------  --------------  -------------------
/opt/airflow/dags/weather_dag.py                           1           0  1.32s           2026-05-31T19:40:24
================================================================================
[2026-05-31T19:41:06.965+0000] {manager.py:878} INFO - 
================================================================================
DAG File Processing Stats

File Path                         PID    Runtime      # DAGs    # Errors  Last Runtime    Last Run
--------------------------------  -----  ---------  --------  ----------  --------------  -------------------
/opt/airflow/dags/weather_dag.py                           1           0  0.57s           2026-05-31T19:40:55
================================================================================
[2026-05-31T19:41:37.181+0000] {manager.py:878} INFO - 
================================================================================
DAG File Processing Stats

File Path                         PID    Runtime      # DAGs    # Errors  Last Runtime    Last Run
--------------------------------  -----  ---------  --------  ----------  --------------  -------------------
/opt/airflow/dags/weather_dag.py                           1           0  0.64s           2026-05-31T19:41:26
================================================================================
[2026-05-31T19:42:07.414+0000] {manager.py:878} INFO - 
================================================================================
DAG File Processing Stats

File Path                         PID    Runtime      # DAGs    # Errors  Last Runtime    Last Run
--------------------------------  -----  ---------  --------  ----------  --------------  -------------------
/opt/airflow/dags/weather_dag.py                           1           0  0.89s           2026-05-31T19:41:57
================================================================================
[2026-05-31T19:42:38.056+0000] {manager.py:878} INFO - 
================================================================================
DAG File Processing Stats

File Path                         PID    Runtime      # DAGs    # Errors  Last Runtime    Last Run
--------------------------------  -----  ---------  --------  ----------  --------------  -------------------
/opt/airflow/dags/weather_dag.py                           1           0  0.80s           2026-05-31T19:42:28
================================================================================
[2026-05-31T19:43:06.715+0000] {manager.py:737} INFO - Searching for files in /opt/airflow/dags
[2026-05-31T19:43:06.810+0000] {manager.py:740} INFO - There are 1 files in /opt/airflow/dags
[2026-05-31T19:43:08.864+0000] {manager.py:878} INFO - 
================================================================================
DAG File Processing Stats

File Path                         PID    Runtime      # DAGs    # Errors  Last Runtime    Last Run
--------------------------------  -----  ---------  --------  ----------  --------------  -------------------
/opt/airflow/dags/weather_dag.py                           1           0  0.70s           2026-05-31T19:42:59
================================================================================
[2026-05-31T19:43:38.901+0000] {manager.py:878} INFO - 
================================================================================
DAG File Processing Stats

File Path                         PID    Runtime      # DAGs    # Errors  Last Runtime    Last Run
--------------------------------  -----  ---------  --------  ----------  --------------  -------------------
/opt/airflow/dags/weather_dag.py                           1           0  0.68s           2026-05-31T19:43:30
================================================================================
[2026-05-31T19:44:09.020+0000] {manager.py:878} INFO - 
================================================================================
DAG File Processing Stats

File Path                         PID    Runtime      # DAGs    # Errors  Last Runtime    Last Run
--------------------------------  -----  ---------  --------  ----------  --------------  -------------------
/opt/airflow/dags/weather_dag.py                           1           0  0.88s           2026-05-31T19:44:01
================================================================================
[2026-05-31T19:44:39.268+0000] {manager.py:878} INFO - 
================================================================================
DAG File Processing Stats

File Path                         PID    Runtime      # DAGs    # Errors  Last Runtime    Last Run
--------------------------------  -----  ---------  --------  ----------  --------------  -------------------
/opt/airflow/dags/weather_dag.py                           1           0  0.64s           2026-05-31T19:44:32
================================================================================
[2026-05-31T19:45:09.594+0000] {manager.py:878} INFO - 
================================================================================
DAG File Processing Stats

File Path                         PID    Runtime      # DAGs    # Errors  Last Runtime    Last Run
--------------------------------  -----  ---------  --------  ----------  --------------  -------------------
/opt/airflow/dags/weather_dag.py                           1           0  0.72s           2026-05-31T19:45:03
================================================================================
[2026-05-31T19:45:40.262+0000] {manager.py:878} INFO - 
================================================================================
DAG File Processing Stats

File Path                         PID    Runtime      # DAGs    # Errors  Last Runtime    Last Run
--------------------------------  -----  ---------  --------  ----------  --------------  -------------------
/opt/airflow/dags/weather_dag.py                           1           0  0.68s           2026-05-31T19:45:34
================================================================================
[2026-05-31T19:46:10.614+0000] {manager.py:878} INFO - 
================================================================================
DAG File Processing Stats

File Path                         PID    Runtime      # DAGs    # Errors  Last Runtime    Last Run
--------------------------------  -----  ---------  --------  ----------  --------------  -------------------
/opt/airflow/dags/weather_dag.py                           1           0  0.97s           2026-05-31T19:46:05
================================================================================
[2026-05-31T19:46:40.781+0000] {manager.py:878} INFO - 
================================================================================
DAG File Processing Stats

File Path                         PID    Runtime      # DAGs    # Errors  Last Runtime    Last Run
--------------------------------  -----  ---------  --------  ----------  --------------  -------------------
/opt/airflow/dags/weather_dag.py                           1           0  1.24s           2026-05-31T19:46:37
================================================================================
[2026-05-31T19:47:11.020+0000] {manager.py:878} INFO - 
================================================================================
DAG File Processing Stats

File Path                         PID    Runtime      # DAGs    # Errors  Last Runtime    Last Run
--------------------------------  -----  ---------  --------  ----------  --------------  -------------------
/opt/airflow/dags/weather_dag.py                           1           0  0.74s           2026-05-31T19:47:08
================================================================================
[2026-05-31T19:47:41.332+0000] {manager.py:878} INFO - 
================================================================================
DAG File Processing Stats

File Path                         PID    Runtime      # DAGs    # Errors  Last Runtime    Last Run
--------------------------------  -----  ---------  --------  ----------  --------------  -------------------
/opt/airflow/dags/weather_dag.py                           1           0  0.79s           2026-05-31T19:47:39
================================================================================
[2026-05-31T19:48:06.964+0000] {manager.py:737} INFO - Searching for files in /opt/airflow/dags
[2026-05-31T19:48:06.995+0000] {manager.py:740} INFO - There are 1 files in /opt/airflow/dags
[2026-05-31T19:48:11.650+0000] {manager.py:878} INFO - 
================================================================================
DAG File Processing Stats

File Path                         PID    Runtime      # DAGs    # Errors  Last Runtime    Last Run
--------------------------------  -----  ---------  --------  ----------  --------------  -------------------
/opt/airflow/dags/weather_dag.py                           1           0  0.76s           2026-05-31T19:48:10
================================================================================
[2026-05-31T19:48:41.790+0000] {manager.py:878} INFO - 
================================================================================
DAG File Processing Stats

File Path                         PID    Runtime      # DAGs    # Errors  Last Runtime    Last Run
--------------------------------  -----  ---------  --------  ----------  --------------  -------------------
/opt/airflow/dags/weather_dag.py                           1           0  0.76s           2026-05-31T19:48:41
================================================================================
[2026-05-31T19:49:12.103+0000] {manager.py:878} INFO - 
================================================================================
DAG File Processing Stats

File Path                           PID  Runtime      # DAGs    # Errors  Last Runtime    Last Run
--------------------------------  -----  ---------  --------  ----------  --------------  -------------------
/opt/airflow/dags/weather_dag.py   1108  0.01s             1           0  0.76s           2026-05-31T19:48:41
================================================================================
[2026-05-31T19:49:42.808+0000] {manager.py:878} INFO - 
================================================================================
DAG File Processing Stats

File Path                           PID  Runtime      # DAGs    # Errors  Last Runtime    Last Run
--------------------------------  -----  ---------  --------  ----------  --------------  -------------------
/opt/airflow/dags/weather_dag.py   1116  0.01s             1           0  0.56s           2026-05-31T19:49:12
================================================================================
[2026-05-31T19:50:12.884+0000] {manager.py:878} INFO - 
================================================================================
DAG File Processing Stats

File Path                         PID    Runtime      # DAGs    # Errors  Last Runtime    Last Run
--------------------------------  -----  ---------  --------  ----------  --------------  -------------------
/opt/airflow/dags/weather_dag.py                           1           0  0.83s           2026-05-31T19:49:43
================================================================================
[2026-05-31T19:50:43.480+0000] {manager.py:878} INFO - 
================================================================================
DAG File Processing Stats

File Path                         PID    Runtime      # DAGs    # Errors  Last Runtime    Last Run
--------------------------------  -----  ---------  --------  ----------  --------------  -------------------
/opt/airflow/dags/weather_dag.py                           1           0  0.64s           2026-05-31T19:50:14
================================================================================
[2026-05-31T19:51:13.844+0000] {manager.py:878} INFO - 
================================================================================
DAG File Processing Stats

File Path                         PID    Runtime      # DAGs    # Errors  Last Runtime    Last Run
--------------------------------  -----  ---------  --------  ----------  --------------  -------------------
/opt/airflow/dags/weather_dag.py                           1           0  0.71s           2026-05-31T19:50:45
================================================================================
[2026-05-31T19:51:43.892+0000] {manager.py:878} INFO - 
================================================================================
DAG File Processing Stats

File Path                         PID    Runtime      # DAGs    # Errors  Last Runtime    Last Run
--------------------------------  -----  ---------  --------  ----------  --------------  -------------------
/opt/airflow/dags/weather_dag.py                           1           0  0.67s           2026-05-31T19:51:16
================================================================================
[2026-05-31T19:52:14.012+0000] {manager.py:878} INFO - 
================================================================================
DAG File Processing Stats

File Path                         PID    Runtime      # DAGs    # Errors  Last Runtime    Last Run
--------------------------------  -----  ---------  --------  ----------  --------------  -------------------
/opt/airflow/dags/weather_dag.py                           1           0  0.75s           2026-05-31T19:51:47
================================================================================
[2026-05-31T19:52:44.047+0000] {manager.py:878} INFO - 
================================================================================
DAG File Processing Stats

File Path                         PID    Runtime      # DAGs    # Errors  Last Runtime    Last Run
--------------------------------  -----  ---------  --------  ----------  --------------  -------------------
/opt/airflow/dags/weather_dag.py                           1           0  0.67s           2026-05-31T19:52:18
================================================================================
[2026-05-31T19:53:07.251+0000] {manager.py:737} INFO - Searching for files in /opt/airflow/dags
[2026-05-31T19:53:07.291+0000] {manager.py:740} INFO - There are 1 files in /opt/airflow/dags
[2026-05-31T19:53:14.370+0000] {manager.py:878} INFO - 
================================================================================
DAG File Processing Stats

File Path                         PID    Runtime      # DAGs    # Errors  Last Runtime    Last Run
--------------------------------  -----  ---------  --------  ----------  --------------  -------------------
/opt/airflow/dags/weather_dag.py                           1           0  0.73s           2026-05-31T19:52:49
================================================================================
[2026-05-31T19:53:44.629+0000] {manager.py:878} INFO - 
================================================================================
DAG File Processing Stats

File Path                         PID    Runtime      # DAGs    # Errors  Last Runtime    Last Run
--------------------------------  -----  ---------  --------  ----------  --------------  -------------------
/opt/airflow/dags/weather_dag.py                           1           0  0.69s           2026-05-31T19:53:20
================================================================================
[2026-05-31T19:54:15.339+0000] {manager.py:878} INFO - 
================================================================================
DAG File Processing Stats

File Path                         PID    Runtime      # DAGs    # Errors  Last Runtime    Last Run
--------------------------------  -----  ---------  --------  ----------  --------------  -------------------
/opt/airflow/dags/weather_dag.py                           1           0  1.16s           2026-05-31T19:53:52
================================================================================
[2026-05-31T19:54:22.854+0000] {manager.py:452} INFO - Exiting gracefully upon receiving signal 15
[2026-05-31T19:55:27.478+0000] {manager.py:470} INFO - Processing files using up to 2 processes at a time 
[2026-05-31T19:55:27.497+0000] {manager.py:471} INFO - Process each file at most once every 30 seconds
[2026-05-31T19:55:27.500+0000] {manager.py:472} INFO - Checking for new files in /opt/airflow/dags every 300 seconds
[2026-05-31T19:55:27.503+0000] {manager.py:737} INFO - Searching for files in /opt/airflow/dags
[2026-05-31T19:55:27.558+0000] {manager.py:740} INFO - There are 1 files in /opt/airflow/dags
[2026-05-31T19:55:28.320+0000] {manager.py:878} INFO - 
================================================================================
DAG File Processing Stats

File Path                           PID  Runtime      # DAGs    # Errors  Last Runtime    Last Run
--------------------------------  -----  ---------  --------  ----------  --------------  ----------
/opt/airflow/dags/weather_dag.py     87  0.38s             0           0
================================================================================
[2026-05-31T19:55:58.657+0000] {manager.py:878} INFO - 
================================================================================
DAG File Processing Stats

File Path                         PID    Runtime      # DAGs    # Errors  Last Runtime    Last Run
--------------------------------  -----  ---------  --------  ----------  --------------  -------------------
/opt/airflow/dags/weather_dag.py                           1           0  1.87s           2026-05-31T19:55:29
================================================================================
[2026-05-31T19:56:28.665+0000] {manager.py:878} INFO - 
================================================================================
DAG File Processing Stats

File Path                         PID    Runtime      # DAGs    # Errors  Last Runtime    Last Run
--------------------------------  -----  ---------  --------  ----------  --------------  -------------------
/opt/airflow/dags/weather_dag.py                           1           0  0.97s           2026-05-31T19:56:01
================================================================================
[2026-05-31T19:56:59.375+0000] {manager.py:878} INFO - 
================================================================================
DAG File Processing Stats

File Path                         PID    Runtime      # DAGs    # Errors  Last Runtime    Last Run
--------------------------------  -----  ---------  --------  ----------  --------------  -------------------
/opt/airflow/dags/weather_dag.py                           1           0  0.70s           2026-05-31T19:56:32
================================================================================
[2026-05-31T19:57:30.145+0000] {manager.py:878} INFO - 
================================================================================
DAG File Processing Stats

File Path                         PID    Runtime      # DAGs    # Errors  Last Runtime    Last Run
--------------------------------  -----  ---------  --------  ----------  --------------  -------------------
/opt/airflow/dags/weather_dag.py                           1           0  0.83s           2026-05-31T19:57:03
================================================================================
[2026-05-31T19:58:00.454+0000] {manager.py:878} INFO - 
================================================================================
DAG File Processing Stats

File Path                         PID    Runtime      # DAGs    # Errors  Last Runtime    Last Run
--------------------------------  -----  ---------  --------  ----------  --------------  -------------------
/opt/airflow/dags/weather_dag.py                           1           0  0.65s           2026-05-31T19:57:34
================================================================================
[2026-05-31T19:58:30.706+0000] {manager.py:878} INFO - 
================================================================================
DAG File Processing Stats

File Path                         PID    Runtime      # DAGs    # Errors  Last Runtime    Last Run
--------------------------------  -----  ---------  --------  ----------  --------------  -------------------
/opt/airflow/dags/weather_dag.py                           1           0  0.75s           2026-05-31T19:58:05
================================================================================
[2026-05-31T19:59:00.965+0000] {manager.py:878} INFO - 
================================================================================
DAG File Processing Stats

File Path                         PID    Runtime      # DAGs    # Errors  Last Runtime    Last Run
--------------------------------  -----  ---------  --------  ----------  --------------  -------------------
/opt/airflow/dags/weather_dag.py                           1           0  0.76s           2026-05-31T19:58:37
================================================================================
[2026-05-31T19:59:31.171+0000] {manager.py:878} INFO - 
================================================================================
DAG File Processing Stats

File Path                         PID    Runtime      # DAGs    # Errors  Last Runtime    Last Run
--------------------------------  -----  ---------  --------  ----------  --------------  -------------------
/opt/airflow/dags/weather_dag.py                           1           0  0.59s           2026-05-31T19:59:07
================================================================================
[2026-05-31T20:00:01.788+0000] {manager.py:878} INFO - 
================================================================================
DAG File Processing Stats

File Path                         PID    Runtime      # DAGs    # Errors  Last Runtime    Last Run
--------------------------------  -----  ---------  --------  ----------  --------------  -------------------
/opt/airflow/dags/weather_dag.py                           1           0  0.56s           2026-05-31T19:59:38
================================================================================
[2026-05-31T20:00:27.810+0000] {manager.py:737} INFO - Searching for files in /opt/airflow/dags
[2026-05-31T20:00:27.842+0000] {manager.py:740} INFO - There are 1 files in /opt/airflow/dags
[2026-05-31T20:00:31.921+0000] {manager.py:878} INFO - 
================================================================================
DAG File Processing Stats

File Path                         PID    Runtime      # DAGs    # Errors  Last Runtime    Last Run
--------------------------------  -----  ---------  --------  ----------  --------------  -------------------
/opt/airflow/dags/weather_dag.py                           1           0  0.58s           2026-05-31T20:00:09
================================================================================
[2026-05-31T20:01:02.550+0000] {manager.py:878} INFO - 
================================================================================
DAG File Processing Stats

File Path                         PID    Runtime      # DAGs    # Errors  Last Runtime    Last Run
--------------------------------  -----  ---------  --------  ----------  --------------  -------------------
/opt/airflow/dags/weather_dag.py                           1           0  0.53s           2026-05-31T20:00:40
================================================================================
[2026-05-31T20:01:32.643+0000] {manager.py:878} INFO - 
================================================================================
DAG File Processing Stats

File Path                         PID    Runtime      # DAGs    # Errors  Last Runtime    Last Run
--------------------------------  -----  ---------  --------  ----------  --------------  -------------------
/opt/airflow/dags/weather_dag.py                           1           0  0.84s           2026-05-31T20:01:11
================================================================================
[2026-05-31T20:02:03.229+0000] {manager.py:878} INFO - 
================================================================================
DAG File Processing Stats

File Path                         PID    Runtime      # DAGs    # Errors  Last Runtime    Last Run
--------------------------------  -----  ---------  --------  ----------  --------------  -------------------
/opt/airflow/dags/weather_dag.py                           1           0  0.56s           2026-05-31T20:01:42
================================================================================
[2026-05-31T20:02:33.753+0000] {manager.py:878} INFO - 
================================================================================
DAG File Processing Stats

File Path                         PID    Runtime      # DAGs    # Errors  Last Runtime    Last Run
--------------------------------  -----  ---------  --------  ----------  --------------  -------------------
/opt/airflow/dags/weather_dag.py                           1           0  0.58s           2026-05-31T20:02:12
================================================================================
[2026-05-31T20:03:03.836+0000] {manager.py:878} INFO - 
================================================================================
DAG File Processing Stats

File Path                         PID    Runtime      # DAGs    # Errors  Last Runtime    Last Run
--------------------------------  -----  ---------  --------  ----------  --------------  -------------------
/opt/airflow/dags/weather_dag.py                           1           0  0.66s           2026-05-31T20:02:43
================================================================================
[2026-05-31T20:03:34.653+0000] {manager.py:878} INFO - 
================================================================================
DAG File Processing Stats

File Path                         PID    Runtime      # DAGs    # Errors  Last Runtime    Last Run
--------------------------------  -----  ---------  --------  ----------  --------------  -------------------
/opt/airflow/dags/weather_dag.py                           1           0  0.58s           2026-05-31T20:03:14
================================================================================
[2026-05-31T20:04:04.779+0000] {manager.py:878} INFO - 
================================================================================
DAG File Processing Stats

File Path                         PID    Runtime      # DAGs    # Errors  Last Runtime    Last Run
--------------------------------  -----  ---------  --------  ----------  --------------  -------------------
/opt/airflow/dags/weather_dag.py                           1           0  0.89s           2026-05-31T20:03:45
================================================================================
[2026-05-31T20:04:35.121+0000] {manager.py:878} INFO - 
================================================================================
DAG File Processing Stats

File Path                         PID    Runtime      # DAGs    # Errors  Last Runtime    Last Run
--------------------------------  -----  ---------  --------  ----------  --------------  -------------------
/opt/airflow/dags/weather_dag.py                           1           0  0.68s           2026-05-31T20:04:16
================================================================================
[2026-05-31T20:05:05.366+0000] {manager.py:878} INFO - 
================================================================================
DAG File Processing Stats

File Path                         PID    Runtime      # DAGs    # Errors  Last Runtime    Last Run
--------------------------------  -----  ---------  --------  ----------  --------------  -------------------
/opt/airflow/dags/weather_dag.py                           1           0  0.64s           2026-05-31T20:04:47
================================================================================
[2026-05-31T20:05:27.828+0000] {manager.py:737} INFO - Searching for files in /opt/airflow/dags
[2026-05-31T20:05:27.867+0000] {manager.py:740} INFO - There are 1 files in /opt/airflow/dags
[2026-05-31T20:05:35.954+0000] {manager.py:878} INFO - 
================================================================================
DAG File Processing Stats

File Path                         PID    Runtime      # DAGs    # Errors  Last Runtime    Last Run
--------------------------------  -----  ---------  --------  ----------  --------------  -------------------
/opt/airflow/dags/weather_dag.py                           1           0  0.53s           2026-05-31T20:05:17
================================================================================
[2026-05-31T20:06:06.377+0000] {manager.py:878} INFO - 
================================================================================
DAG File Processing Stats

File Path                         PID    Runtime      # DAGs    # Errors  Last Runtime    Last Run
--------------------------------  -----  ---------  --------  ----------  --------------  -------------------
/opt/airflow/dags/weather_dag.py                           1           0  0.72s           2026-05-31T20:05:48
================================================================================
[2026-05-31T20:06:36.672+0000] {manager.py:878} INFO - 
================================================================================
DAG File Processing Stats

File Path                         PID    Runtime      # DAGs    # Errors  Last Runtime    Last Run
--------------------------------  -----  ---------  --------  ----------  --------------  -------------------
/opt/airflow/dags/weather_dag.py                           1           0  0.63s           2026-05-31T20:06:19
================================================================================
[2026-05-31T20:07:07.119+0000] {manager.py:878} INFO - 
================================================================================
DAG File Processing Stats

File Path                         PID    Runtime      # DAGs    # Errors  Last Runtime    Last Run
--------------------------------  -----  ---------  --------  ----------  --------------  -------------------
/opt/airflow/dags/weather_dag.py                           1           0  0.60s           2026-05-31T20:06:50
================================================================================
[2026-05-31T20:07:37.375+0000] {manager.py:878} INFO - 
================================================================================
DAG File Processing Stats

File Path                         PID    Runtime      # DAGs    # Errors  Last Runtime    Last Run
--------------------------------  -----  ---------  --------  ----------  --------------  -------------------
/opt/airflow/dags/weather_dag.py                           1           0  0.77s           2026-05-31T20:07:21
================================================================================
[2026-05-31T20:08:08.024+0000] {manager.py:878} INFO - 
================================================================================
DAG File Processing Stats

File Path                         PID    Runtime      # DAGs    # Errors  Last Runtime    Last Run
--------------------------------  -----  ---------  --------  ----------  --------------  -------------------
/opt/airflow/dags/weather_dag.py                           1           0  0.67s           2026-05-31T20:07:52
================================================================================
[2026-05-31T20:08:38.132+0000] {manager.py:878} INFO - 
================================================================================
DAG File Processing Stats

File Path                         PID    Runtime      # DAGs    # Errors  Last Runtime    Last Run
--------------------------------  -----  ---------  --------  ----------  --------------  -------------------
/opt/airflow/dags/weather_dag.py                           1           0  1.20s           2026-05-31T20:08:23
================================================================================
[2026-05-31T20:09:08.211+0000] {manager.py:878} INFO - 
================================================================================
DAG File Processing Stats

File Path                         PID    Runtime      # DAGs    # Errors  Last Runtime    Last Run
--------------------------------  -----  ---------  --------  ----------  --------------  -------------------
/opt/airflow/dags/weather_dag.py                           1           0  0.75s           2026-05-31T20:08:55
================================================================================
[2026-05-31T20:09:38.417+0000] {manager.py:878} INFO - 
================================================================================
DAG File Processing Stats

File Path                         PID    Runtime      # DAGs    # Errors  Last Runtime    Last Run
--------------------------------  -----  ---------  --------  ----------  --------------  -------------------
/opt/airflow/dags/weather_dag.py                           1           0  0.76s           2026-05-31T20:09:26
================================================================================
[2026-05-31T20:10:08.883+0000] {manager.py:878} INFO - 
================================================================================
DAG File Processing Stats

File Path                         PID    Runtime      # DAGs    # Errors  Last Runtime    Last Run
--------------------------------  -----  ---------  --------  ----------  --------------  -------------------
/opt/airflow/dags/weather_dag.py                           1           0  0.95s           2026-05-31T20:09:57
================================================================================
[2026-05-31T20:10:27.904+0000] {manager.py:737} INFO - Searching for files in /opt/airflow/dags
[2026-05-31T20:10:27.956+0000] {manager.py:740} INFO - There are 1 files in /opt/airflow/dags
[2026-05-31T20:10:39.170+0000] {manager.py:878} INFO - 
================================================================================
DAG File Processing Stats

File Path                         PID    Runtime      # DAGs    # Errors  Last Runtime    Last Run
--------------------------------  -----  ---------  --------  ----------  --------------  -------------------
/opt/airflow/dags/weather_dag.py                           1           0  1.95s           2026-05-31T20:10:29
================================================================================
[2026-05-31T20:11:09.598+0000] {manager.py:878} INFO - 
================================================================================
DAG File Processing Stats

File Path                         PID    Runtime      # DAGs    # Errors  Last Runtime    Last Run
--------------------------------  -----  ---------  --------  ----------  --------------  -------------------
/opt/airflow/dags/weather_dag.py                           1           0  0.70s           2026-05-31T20:11:00
================================================================================
[2026-05-31T20:11:39.630+0000] {manager.py:878} INFO - 
================================================================================
DAG File Processing Stats

File Path                         PID    Runtime      # DAGs    # Errors  Last Runtime    Last Run
--------------------------------  -----  ---------  --------  ----------  --------------  -------------------
/opt/airflow/dags/weather_dag.py                           1           0  0.75s           2026-05-31T20:11:31
================================================================================
[2026-05-31T20:12:09.753+0000] {manager.py:878} INFO - 
================================================================================
DAG File Processing Stats

File Path                         PID    Runtime      # DAGs    # Errors  Last Runtime    Last Run
--------------------------------  -----  ---------  --------  ----------  --------------  -------------------
/opt/airflow/dags/weather_dag.py                           1           0  0.65s           2026-05-31T20:12:02
================================================================================
[2026-05-31T20:12:40.064+0000] {manager.py:878} INFO - 
================================================================================
DAG File Processing Stats

File Path                         PID    Runtime      # DAGs    # Errors  Last Runtime    Last Run
--------------------------------  -----  ---------  --------  ----------  --------------  -------------------
/opt/airflow/dags/weather_dag.py                           1           0  0.86s           2026-05-31T20:12:33
================================================================================
[2026-05-31T20:13:10.306+0000] {manager.py:878} INFO - 
================================================================================
DAG File Processing Stats

File Path                         PID    Runtime      # DAGs    # Errors  Last Runtime    Last Run
--------------------------------  -----  ---------  --------  ----------  --------------  -------------------
/opt/airflow/dags/weather_dag.py                           1           0  0.62s           2026-05-31T20:13:04
================================================================================
[2026-05-31T20:13:40.544+0000] {manager.py:878} INFO - 
================================================================================
DAG File Processing Stats

File Path                         PID    Runtime      # DAGs    # Errors  Last Runtime    Last Run
--------------------------------  -----  ---------  --------  ----------  --------------  -------------------
/opt/airflow/dags/weather_dag.py                           1           0  0.84s           2026-05-31T20:13:35
================================================================================
[2026-05-31T20:14:11.079+0000] {manager.py:878} INFO - 
================================================================================
DAG File Processing Stats

File Path                         PID    Runtime      # DAGs    # Errors  Last Runtime    Last Run
--------------------------------  -----  ---------  --------  ----------  --------------  -------------------
/opt/airflow/dags/weather_dag.py                           1           0  0.56s           2026-05-31T20:14:06
================================================================================
[2026-05-31T20:14:41.321+0000] {manager.py:878} INFO - 
================================================================================
DAG File Processing Stats

File Path                         PID    Runtime      # DAGs    # Errors  Last Runtime    Last Run
--------------------------------  -----  ---------  --------  ----------  --------------  -------------------
/opt/airflow/dags/weather_dag.py                           1           0  0.59s           2026-05-31T20:14:37
================================================================================
[2026-05-31T20:15:11.976+0000] {manager.py:878} INFO - 
================================================================================
DAG File Processing Stats

File Path                         PID    Runtime      # DAGs    # Errors  Last Runtime    Last Run
--------------------------------  -----  ---------  --------  ----------  --------------  -------------------
/opt/airflow/dags/weather_dag.py                           1           0  0.64s           2026-05-31T20:15:08
================================================================================
[2026-05-31T20:15:28.099+0000] {manager.py:737} INFO - Searching for files in /opt/airflow/dags
[2026-05-31T20:15:28.137+0000] {manager.py:740} INFO - There are 1 files in /opt/airflow/dags
[2026-05-31T20:15:42.191+0000] {manager.py:878} INFO - 
================================================================================
DAG File Processing Stats

File Path                         PID    Runtime      # DAGs    # Errors  Last Runtime    Last Run
--------------------------------  -----  ---------  --------  ----------  --------------  -------------------
/opt/airflow/dags/weather_dag.py                           1           0  0.86s           2026-05-31T20:15:39
================================================================================
[2026-05-31T20:16:12.691+0000] {manager.py:878} INFO - 
================================================================================
DAG File Processing Stats

File Path                         PID    Runtime      # DAGs    # Errors  Last Runtime    Last Run
--------------------------------  -----  ---------  --------  ----------  --------------  -------------------
/opt/airflow/dags/weather_dag.py                           1           0  0.64s           2026-05-31T20:16:10
================================================================================
[2026-05-31T20:16:42.789+0000] {manager.py:878} INFO - 
================================================================================
DAG File Processing Stats

File Path                         PID    Runtime      # DAGs    # Errors  Last Runtime    Last Run
--------------------------------  -----  ---------  --------  ----------  --------------  -------------------
/opt/airflow/dags/weather_dag.py                           1           0  0.93s           2026-05-31T20:16:41
================================================================================
[2026-05-31T20:17:13.129+0000] {manager.py:878} INFO - 
================================================================================
DAG File Processing Stats

File Path                         PID    Runtime      # DAGs    # Errors  Last Runtime    Last Run
--------------------------------  -----  ---------  --------  ----------  --------------  -------------------
/opt/airflow/dags/weather_dag.py                           1           0  0.68s           2026-05-31T20:17:12
================================================================================
[2026-05-31T20:17:43.353+0000] {manager.py:878} INFO - 
================================================================================
DAG File Processing Stats

File Path                         PID    Runtime      # DAGs    # Errors  Last Runtime    Last Run
--------------------------------  -----  ---------  --------  ----------  --------------  -------------------
/opt/airflow/dags/weather_dag.py                           1           0  0.66s           2026-05-31T20:17:43
================================================================================
[2026-05-31T20:18:13.681+0000] {manager.py:878} INFO - 
================================================================================
DAG File Processing Stats

File Path                           PID  Runtime      # DAGs    # Errors  Last Runtime    Last Run
--------------------------------  -----  ---------  --------  ----------  --------------  -------------------
/opt/airflow/dags/weather_dag.py    459  0.01s             1           0  0.66s           2026-05-31T20:17:43
================================================================================
[2026-05-31T20:18:43.738+0000] {manager.py:878} INFO - 
================================================================================
DAG File Processing Stats

File Path                         PID    Runtime      # DAGs    # Errors  Last Runtime    Last Run
--------------------------------  -----  ---------  --------  ----------  --------------  -------------------
/opt/airflow/dags/weather_dag.py                           1           0  0.77s           2026-05-31T20:18:14
================================================================================
[2026-05-31T20:19:13.823+0000] {manager.py:878} INFO - 
================================================================================
DAG File Processing Stats

File Path                         PID    Runtime      # DAGs    # Errors  Last Runtime    Last Run
--------------------------------  -----  ---------  --------  ----------  --------------  -------------------
/opt/airflow/dags/weather_dag.py                           1           0  0.72s           2026-05-31T20:18:45
================================================================================
[2026-05-31T20:19:44.233+0000] {manager.py:878} INFO - 
================================================================================
DAG File Processing Stats

File Path                         PID    Runtime      # DAGs    # Errors  Last Runtime    Last Run
--------------------------------  -----  ---------  --------  ----------  --------------  -------------------
/opt/airflow/dags/weather_dag.py                           1           0  1.23s           2026-05-31T20:19:17
================================================================================
[2026-05-31T20:20:14.766+0000] {manager.py:878} INFO - 
================================================================================
DAG File Processing Stats

File Path                         PID    Runtime      # DAGs    # Errors  Last Runtime    Last Run
--------------------------------  -----  ---------  --------  ----------  --------------  -------------------
/opt/airflow/dags/weather_dag.py                           1           0  1.18s           2026-05-31T20:19:48
================================================================================
[2026-05-31T20:20:28.910+0000] {manager.py:737} INFO - Searching for files in /opt/airflow/dags
[2026-05-31T20:20:28.954+0000] {manager.py:740} INFO - There are 1 files in /opt/airflow/dags
[2026-05-31T20:20:45.147+0000] {manager.py:878} INFO - 
================================================================================
DAG File Processing Stats

File Path                         PID    Runtime      # DAGs    # Errors  Last Runtime    Last Run
--------------------------------  -----  ---------  --------  ----------  --------------  -------------------
/opt/airflow/dags/weather_dag.py                           1           0  1.00s           2026-05-31T20:20:19
================================================================================
[2026-05-31T20:21:15.479+0000] {manager.py:878} INFO - 
================================================================================
DAG File Processing Stats

File Path                         PID    Runtime      # DAGs    # Errors  Last Runtime    Last Run
--------------------------------  -----  ---------  --------  ----------  --------------  -------------------
/opt/airflow/dags/weather_dag.py                           1           0  0.92s           2026-05-31T20:20:51
================================================================================
[2026-05-31T20:21:45.927+0000] {manager.py:878} INFO - 
================================================================================
DAG File Processing Stats

File Path                         PID    Runtime      # DAGs    # Errors  Last Runtime    Last Run
--------------------------------  -----  ---------  --------  ----------  --------------  -------------------
/opt/airflow/dags/weather_dag.py                           1           0  0.97s           2026-05-31T20:21:22
================================================================================
[2026-05-31T20:22:16.411+0000] {manager.py:878} INFO - 
================================================================================
DAG File Processing Stats

File Path                         PID    Runtime      # DAGs    # Errors  Last Runtime    Last Run
--------------------------------  -----  ---------  --------  ----------  --------------  -------------------
/opt/airflow/dags/weather_dag.py                           1           0  0.90s           2026-05-31T20:21:54
================================================================================
[2026-05-31T20:22:46.766+0000] {manager.py:878} INFO - 
================================================================================
DAG File Processing Stats

File Path                         PID    Runtime      # DAGs    # Errors  Last Runtime    Last Run
--------------------------------  -----  ---------  --------  ----------  --------------  -------------------
/opt/airflow/dags/weather_dag.py                           1           0  0.96s           2026-05-31T20:22:25
================================================================================
[2026-05-31T20:23:16.903+0000] {manager.py:878} INFO - 
================================================================================
DAG File Processing Stats

File Path                         PID    Runtime      # DAGs    # Errors  Last Runtime    Last Run
--------------------------------  -----  ---------  --------  ----------  --------------  -------------------
/opt/airflow/dags/weather_dag.py                           1           0  1.75s           2026-05-31T20:22:57
================================================================================
[2026-05-31T20:23:47.200+0000] {manager.py:878} INFO - 
================================================================================
DAG File Processing Stats

File Path                         PID    Runtime      # DAGs    # Errors  Last Runtime    Last Run
--------------------------------  -----  ---------  --------  ----------  --------------  -------------------
/opt/airflow/dags/weather_dag.py                           1           0  0.90s           2026-05-31T20:23:28
================================================================================
[2026-05-31T20:24:17.921+0000] {manager.py:878} INFO - 
================================================================================
DAG File Processing Stats

File Path                         PID    Runtime      # DAGs    # Errors  Last Runtime    Last Run
--------------------------------  -----  ---------  --------  ----------  --------------  -------------------
/opt/airflow/dags/weather_dag.py                           1           0  1.04s           2026-05-31T20:24:00
================================================================================
[2026-05-31T20:24:48.047+0000] {manager.py:878} INFO - 
================================================================================
DAG File Processing Stats

File Path                         PID    Runtime      # DAGs    # Errors  Last Runtime    Last Run
--------------------------------  -----  ---------  --------  ----------  --------------  -------------------
/opt/airflow/dags/weather_dag.py                           1           0  0.72s           2026-05-31T20:24:31
================================================================================
[2026-05-31T20:25:18.571+0000] {manager.py:878} INFO - 
================================================================================
DAG File Processing Stats

File Path                         PID    Runtime      # DAGs    # Errors  Last Runtime    Last Run
--------------------------------  -----  ---------  --------  ----------  --------------  -------------------
/opt/airflow/dags/weather_dag.py                           1           0  0.70s           2026-05-31T20:25:02
================================================================================
[2026-05-31T20:25:29.117+0000] {manager.py:737} INFO - Searching for files in /opt/airflow/dags
[2026-05-31T20:25:29.168+0000] {manager.py:740} INFO - There are 1 files in /opt/airflow/dags
[2026-05-31T20:25:48.921+0000] {manager.py:878} INFO - 
================================================================================
DAG File Processing Stats

File Path                         PID    Runtime      # DAGs    # Errors  Last Runtime    Last Run
--------------------------------  -----  ---------  --------  ----------  --------------  -------------------
/opt/airflow/dags/weather_dag.py                           1           0  0.91s           2026-05-31T20:25:34
================================================================================
[2026-05-31T20:26:19.352+0000] {manager.py:878} INFO - 
================================================================================
DAG File Processing Stats

File Path                         PID    Runtime      # DAGs    # Errors  Last Runtime    Last Run
--------------------------------  -----  ---------  --------  ----------  --------------  -------------------
/opt/airflow/dags/weather_dag.py                           1           0  0.91s           2026-05-31T20:26:05
================================================================================
[2026-05-31T20:26:49.788+0000] {manager.py:878} INFO - 
================================================================================
DAG File Processing Stats

File Path                         PID    Runtime      # DAGs    # Errors  Last Runtime    Last Run
--------------------------------  -----  ---------  --------  ----------  --------------  -------------------
/opt/airflow/dags/weather_dag.py                           1           0  1.03s           2026-05-31T20:26:36
================================================================================
[2026-05-31T20:27:20.573+0000] {manager.py:878} INFO - 
================================================================================
DAG File Processing Stats

File Path                         PID    Runtime      # DAGs    # Errors  Last Runtime    Last Run
--------------------------------  -----  ---------  --------  ----------  --------------  -------------------
/opt/airflow/dags/weather_dag.py                           1           0  0.63s           2026-05-31T20:27:07
================================================================================
[2026-05-31T20:27:50.787+0000] {manager.py:878} INFO - 
================================================================================
DAG File Processing Stats

File Path                         PID    Runtime      # DAGs    # Errors  Last Runtime    Last Run
--------------------------------  -----  ---------  --------  ----------  --------------  -------------------
/opt/airflow/dags/weather_dag.py                           1           0  0.84s           2026-05-31T20:27:38
================================================================================
[2026-05-31T20:28:20.991+0000] {manager.py:878} INFO - 
================================================================================
DAG File Processing Stats

File Path                         PID    Runtime      # DAGs    # Errors  Last Runtime    Last Run
--------------------------------  -----  ---------  --------  ----------  --------------  -------------------
/opt/airflow/dags/weather_dag.py                           1           0  0.84s           2026-05-31T20:28:09
================================================================================
[2026-05-31T20:28:51.691+0000] {manager.py:878} INFO - 
================================================================================
DAG File Processing Stats

File Path                         PID    Runtime      # DAGs    # Errors  Last Runtime    Last Run
--------------------------------  -----  ---------  --------  ----------  --------------  -------------------
/opt/airflow/dags/weather_dag.py                           1           0  0.63s           2026-05-31T20:28:40
================================================================================
[2026-05-31T20:29:22.516+0000] {manager.py:878} INFO - 
================================================================================
DAG File Processing Stats

File Path                         PID    Runtime      # DAGs    # Errors  Last Runtime    Last Run
--------------------------------  -----  ---------  --------  ----------  --------------  -------------------
/opt/airflow/dags/weather_dag.py                           1           0  1.15s           2026-05-31T20:29:12
================================================================================
[2026-05-31T20:29:52.863+0000] {manager.py:878} INFO - 
================================================================================
DAG File Processing Stats

File Path                         PID    Runtime      # DAGs    # Errors  Last Runtime    Last Run
--------------------------------  -----  ---------  --------  ----------  --------------  -------------------
/opt/airflow/dags/weather_dag.py                           1           0  1.02s           2026-05-31T20:29:43
================================================================================
[2026-05-31T20:30:23.256+0000] {manager.py:878} INFO - 
================================================================================
DAG File Processing Stats

File Path                         PID    Runtime      # DAGs    # Errors  Last Runtime    Last Run
--------------------------------  -----  ---------  --------  ----------  --------------  -------------------
/opt/airflow/dags/weather_dag.py                           1           0  0.56s           2026-05-31T20:30:14
================================================================================
[2026-05-31T20:30:29.297+0000] {manager.py:737} INFO - Searching for files in /opt/airflow/dags
[2026-05-31T20:30:29.331+0000] {manager.py:740} INFO - There are 1 files in /opt/airflow/dags
[2026-05-31T20:30:53.533+0000] {manager.py:878} INFO - 
================================================================================
DAG File Processing Stats

File Path                         PID    Runtime      # DAGs    # Errors  Last Runtime    Last Run
--------------------------------  -----  ---------  --------  ----------  --------------  -------------------
/opt/airflow/dags/weather_dag.py                           1           0  0.60s           2026-05-31T20:30:45
================================================================================
[2026-05-31T20:31:23.985+0000] {manager.py:878} INFO - 
================================================================================
DAG File Processing Stats

File Path                         PID    Runtime      # DAGs    # Errors  Last Runtime    Last Run
--------------------------------  -----  ---------  --------  ----------  --------------  -------------------
/opt/airflow/dags/weather_dag.py                           1           0  0.66s           2026-05-31T20:31:16
================================================================================
[2026-05-31T20:31:54.282+0000] {manager.py:878} INFO - 
================================================================================
DAG File Processing Stats

File Path                         PID    Runtime      # DAGs    # Errors  Last Runtime    Last Run
--------------------------------  -----  ---------  --------  ----------  --------------  -------------------
/opt/airflow/dags/weather_dag.py                           1           0  0.66s           2026-05-31T20:31:47
================================================================================
[2026-05-31T20:32:24.543+0000] {manager.py:878} INFO - 
================================================================================
DAG File Processing Stats

File Path                         PID    Runtime      # DAGs    # Errors  Last Runtime    Last Run
--------------------------------  -----  ---------  --------  ----------  --------------  -------------------
/opt/airflow/dags/weather_dag.py                           1           0  0.94s           2026-05-31T20:32:18
================================================================================
[2026-05-31T20:32:55.032+0000] {manager.py:878} INFO - 
================================================================================
DAG File Processing Stats

File Path                         PID    Runtime      # DAGs    # Errors  Last Runtime    Last Run
--------------------------------  -----  ---------  --------  ----------  --------------  -------------------
/opt/airflow/dags/weather_dag.py                           1           0  0.63s           2026-05-31T20:32:49
================================================================================
[2026-05-31T20:33:25.344+0000] {manager.py:878} INFO - 
================================================================================
DAG File Processing Stats

File Path                         PID    Runtime      # DAGs    # Errors  Last Runtime    Last Run
--------------------------------  -----  ---------  --------  ----------  --------------  -------------------
/opt/airflow/dags/weather_dag.py                           1           0  0.92s           2026-05-31T20:33:20
================================================================================
[2026-05-31T20:33:55.645+0000] {manager.py:878} INFO - 
================================================================================
DAG File Processing Stats

File Path                         PID    Runtime      # DAGs    # Errors  Last Runtime    Last Run
--------------------------------  -----  ---------  --------  ----------  --------------  -------------------
/opt/airflow/dags/weather_dag.py                           1           0  0.83s           2026-05-31T20:33:51
================================================================================
[2026-05-31T20:34:25.930+0000] {manager.py:878} INFO - 
================================================================================
DAG File Processing Stats

File Path                         PID    Runtime      # DAGs    # Errors  Last Runtime    Last Run
--------------------------------  -----  ---------  --------  ----------  --------------  -------------------
/opt/airflow/dags/weather_dag.py                           1           0  0.74s           2026-05-31T20:34:23
================================================================================
[2026-05-31T20:34:56.042+0000] {manager.py:878} INFO - 
================================================================================
DAG File Processing Stats

File Path                         PID    Runtime      # DAGs    # Errors  Last Runtime    Last Run
--------------------------------  -----  ---------  --------  ----------  --------------  -------------------
/opt/airflow/dags/weather_dag.py                           1           0  0.79s           2026-05-31T20:34:54
================================================================================
[2026-05-31T20:35:26.577+0000] {manager.py:878} INFO - 
================================================================================
DAG File Processing Stats

File Path                         PID    Runtime      # DAGs    # Errors  Last Runtime    Last Run
--------------------------------  -----  ---------  --------  ----------  --------------  -------------------
/opt/airflow/dags/weather_dag.py                           1           0  0.66s           2026-05-31T20:35:24
================================================================================
[2026-05-31T20:35:29.609+0000] {manager.py:737} INFO - Searching for files in /opt/airflow/dags
[2026-05-31T20:35:29.650+0000] {manager.py:740} INFO - There are 1 files in /opt/airflow/dags
[2026-05-31T20:35:56.909+0000] {manager.py:878} INFO - 
================================================================================
DAG File Processing Stats

File Path                         PID    Runtime      # DAGs    # Errors  Last Runtime    Last Run
--------------------------------  -----  ---------  --------  ----------  --------------  -------------------
/opt/airflow/dags/weather_dag.py                           1           0  0.78s           2026-05-31T20:35:55
================================================================================
[2026-05-31T20:36:27.395+0000] {manager.py:878} INFO - 
================================================================================
DAG File Processing Stats

File Path                         PID    Runtime      # DAGs    # Errors  Last Runtime    Last Run
--------------------------------  -----  ---------  --------  ----------  --------------  -------------------
/opt/airflow/dags/weather_dag.py                           1           0  0.63s           2026-05-31T20:36:26
================================================================================
[2026-05-31T20:36:57.697+0000] {manager.py:878} INFO - 
================================================================================
DAG File Processing Stats

File Path                           PID  Runtime      # DAGs    # Errors  Last Runtime    Last Run
--------------------------------  -----  ---------  --------  ----------  --------------  -------------------
/opt/airflow/dags/weather_dag.py    755  0.51s             1           0  0.63s           2026-05-31T20:36:26
================================================================================
[2026-05-31T20:37:27.973+0000] {manager.py:878} INFO - 
================================================================================
DAG File Processing Stats

File Path                           PID  Runtime      # DAGs    # Errors  Last Runtime    Last Run
--------------------------------  -----  ---------  --------  ----------  --------------  -------------------
/opt/airflow/dags/weather_dag.py    763  0.01s             1           0  0.57s           2026-05-31T20:36:57
================================================================================
[2026-05-31T20:37:58.430+0000] {manager.py:878} INFO - 
================================================================================
DAG File Processing Stats

File Path                         PID    Runtime      # DAGs    # Errors  Last Runtime    Last Run
--------------------------------  -----  ---------  --------  ----------  --------------  -------------------
/opt/airflow/dags/weather_dag.py                           1           0  0.62s           2026-05-31T20:37:28
================================================================================
[2026-05-31T20:38:13.569+0000] {manager.py:452} INFO - Exiting gracefully upon receiving signal 15
[2026-06-04T07:36:50.572+0000] {manager.py:470} INFO - Processing files using up to 2 processes at a time 
[2026-06-04T07:36:50.574+0000] {manager.py:471} INFO - Process each file at most once every 30 seconds
[2026-06-04T07:36:50.575+0000] {manager.py:472} INFO - Checking for new files in /opt/airflow/dags every 300 seconds
[2026-06-04T07:36:50.577+0000] {manager.py:737} INFO - Searching for files in /opt/airflow/dags
[2026-06-04T07:36:50.649+0000] {manager.py:740} INFO - There are 1 files in /opt/airflow/dags
[2026-06-04T07:36:50.926+0000] {manager.py:878} INFO - 
================================================================================
DAG File Processing Stats

File Path                           PID  Runtime      # DAGs    # Errors  Last Runtime    Last Run
--------------------------------  -----  ---------  --------  ----------  --------------  ----------
/opt/airflow/dags/weather_dag.py     94  0.14s             0           0
================================================================================
[2026-06-04T07:37:21.261+0000] {manager.py:878} INFO - 
================================================================================
DAG File Processing Stats

File Path                         PID    Runtime      # DAGs    # Errors  Last Runtime    Last Run
--------------------------------  -----  ---------  --------  ----------  --------------  -------------------
/opt/airflow/dags/weather_dag.py                           1           0  1.26s           2026-06-04T07:36:52
================================================================================
[2026-06-04T07:37:51.588+0000] {manager.py:878} INFO - 
================================================================================
DAG File Processing Stats

File Path                         PID    Runtime      # DAGs    # Errors  Last Runtime    Last Run
--------------------------------  -----  ---------  --------  ----------  --------------  -------------------
/opt/airflow/dags/weather_dag.py                           1           0  0.53s           2026-06-04T07:37:22
================================================================================
[2026-06-04T07:38:21.797+0000] {manager.py:878} INFO - 
================================================================================
DAG File Processing Stats

File Path                         PID    Runtime      # DAGs    # Errors  Last Runtime    Last Run
--------------------------------  -----  ---------  --------  ----------  --------------  -------------------
/opt/airflow/dags/weather_dag.py                           1           0  0.89s           2026-06-04T07:37:53
================================================================================
[2026-06-04T07:38:52.105+0000] {manager.py:878} INFO - 
================================================================================
DAG File Processing Stats

File Path                         PID    Runtime      # DAGs    # Errors  Last Runtime    Last Run
--------------------------------  -----  ---------  --------  ----------  --------------  -------------------
/opt/airflow/dags/weather_dag.py                           1           0  0.66s           2026-06-04T07:38:24
================================================================================
[2026-06-04T07:39:22.108+0000] {manager.py:878} INFO - 
================================================================================
DAG File Processing Stats

File Path                         PID    Runtime      # DAGs    # Errors  Last Runtime    Last Run
--------------------------------  -----  ---------  --------  ----------  --------------  -------------------
/opt/airflow/dags/weather_dag.py                           1           0  0.76s           2026-06-04T07:38:55
================================================================================
[2026-06-04T07:39:52.662+0000] {manager.py:878} INFO - 
================================================================================
DAG File Processing Stats

File Path                         PID    Runtime      # DAGs    # Errors  Last Runtime    Last Run
--------------------------------  -----  ---------  --------  ----------  --------------  -------------------
/opt/airflow/dags/weather_dag.py                           1           0  0.68s           2026-06-04T07:39:26
================================================================================
[2026-06-04T07:40:23.097+0000] {manager.py:878} INFO - 
================================================================================
DAG File Processing Stats

File Path                         PID    Runtime      # DAGs    # Errors  Last Runtime    Last Run
--------------------------------  -----  ---------  --------  ----------  --------------  -------------------
/opt/airflow/dags/weather_dag.py                           1           0  0.70s           2026-06-04T07:39:57
================================================================================
[2026-06-04T07:40:53.276+0000] {manager.py:878} INFO - 
================================================================================
DAG File Processing Stats

File Path                         PID    Runtime      # DAGs    # Errors  Last Runtime    Last Run
--------------------------------  -----  ---------  --------  ----------  --------------  -------------------
/opt/airflow/dags/weather_dag.py                           1           0  0.86s           2026-06-04T07:40:29
================================================================================
[2026-06-04T07:41:23.800+0000] {manager.py:878} INFO - 
================================================================================
DAG File Processing Stats

File Path                         PID    Runtime      # DAGs    # Errors  Last Runtime    Last Run
--------------------------------  -----  ---------  --------  ----------  --------------  -------------------
/opt/airflow/dags/weather_dag.py                           1           0  1.20s           2026-06-04T07:41:00
================================================================================
[2026-06-04T07:41:51.021+0000] {manager.py:737} INFO - Searching for files in /opt/airflow/dags
[2026-06-04T07:41:51.053+0000] {manager.py:740} INFO - There are 1 files in /opt/airflow/dags
[2026-06-04T07:41:54.122+0000] {manager.py:878} INFO - 
================================================================================
DAG File Processing Stats

File Path                         PID    Runtime      # DAGs    # Errors  Last Runtime    Last Run
--------------------------------  -----  ---------  --------  ----------  --------------  -------------------
/opt/airflow/dags/weather_dag.py                           1           0  0.48s           2026-06-04T07:41:31
================================================================================
[2026-06-04T07:42:24.342+0000] {manager.py:878} INFO - 
================================================================================
DAG File Processing Stats

File Path                         PID    Runtime      # DAGs    # Errors  Last Runtime    Last Run
--------------------------------  -----  ---------  --------  ----------  --------------  -------------------
/opt/airflow/dags/weather_dag.py                           1           0  0.60s           2026-06-04T07:42:02
================================================================================
[2026-06-04T07:42:54.966+0000] {manager.py:878} INFO - 
================================================================================
DAG File Processing Stats

File Path                         PID    Runtime      # DAGs    # Errors  Last Runtime    Last Run
--------------------------------  -----  ---------  --------  ----------  --------------  -------------------
/opt/airflow/dags/weather_dag.py                           1           0  0.72s           2026-06-04T07:42:33
================================================================================
[2026-06-04T07:43:25.189+0000] {manager.py:878} INFO - 
================================================================================
DAG File Processing Stats

File Path                         PID    Runtime      # DAGs    # Errors  Last Runtime    Last Run
--------------------------------  -----  ---------  --------  ----------  --------------  -------------------
/opt/airflow/dags/weather_dag.py                           1           0  0.74s           2026-06-04T07:43:04
================================================================================
[2026-06-04T07:43:55.453+0000] {manager.py:878} INFO - 
================================================================================
DAG File Processing Stats

File Path                         PID    Runtime      # DAGs    # Errors  Last Runtime    Last Run
--------------------------------  -----  ---------  --------  ----------  --------------  -------------------
/opt/airflow/dags/weather_dag.py                           1           0  0.65s           2026-06-04T07:43:34
================================================================================
[2026-06-04T07:44:25.684+0000] {manager.py:878} INFO - 
================================================================================
DAG File Processing Stats

File Path                         PID    Runtime      # DAGs    # Errors  Last Runtime    Last Run
--------------------------------  -----  ---------  --------  ----------  --------------  -------------------
/opt/airflow/dags/weather_dag.py                           1           0  0.57s           2026-06-04T07:44:05
================================================================================
[2026-06-04T07:44:56.053+0000] {manager.py:878} INFO - 
================================================================================
DAG File Processing Stats

File Path                         PID    Runtime      # DAGs    # Errors  Last Runtime    Last Run
--------------------------------  -----  ---------  --------  ----------  --------------  -------------------
/opt/airflow/dags/weather_dag.py                           1           0  0.52s           2026-06-04T07:44:36
================================================================================
[2026-06-04T07:45:26.276+0000] {manager.py:878} INFO - 
================================================================================
DAG File Processing Stats

File Path                         PID    Runtime      # DAGs    # Errors  Last Runtime    Last Run
--------------------------------  -----  ---------  --------  ----------  --------------  -------------------
/opt/airflow/dags/weather_dag.py                           1           0  0.60s           2026-06-04T07:45:07
================================================================================
[2026-06-04T07:45:56.569+0000] {manager.py:878} INFO - 
================================================================================
DAG File Processing Stats

File Path                         PID    Runtime      # DAGs    # Errors  Last Runtime    Last Run
--------------------------------  -----  ---------  --------  ----------  --------------  -------------------
/opt/airflow/dags/weather_dag.py                           1           0  0.48s           2026-06-04T07:45:37
================================================================================
[2026-06-04T07:46:26.771+0000] {manager.py:878} INFO - 
================================================================================
DAG File Processing Stats

File Path                         PID    Runtime      # DAGs    # Errors  Last Runtime    Last Run
--------------------------------  -----  ---------  --------  ----------  --------------  -------------------
/opt/airflow/dags/weather_dag.py                           1           0  0.55s           2026-06-04T07:46:08
================================================================================
[2026-06-04T07:46:51.409+0000] {manager.py:737} INFO - Searching for files in /opt/airflow/dags
[2026-06-04T07:46:51.436+0000] {manager.py:740} INFO - There are 1 files in /opt/airflow/dags
[2026-06-04T07:46:57.500+0000] {manager.py:878} INFO - 
================================================================================
DAG File Processing Stats

File Path                         PID    Runtime      # DAGs    # Errors  Last Runtime    Last Run
--------------------------------  -----  ---------  --------  ----------  --------------  -------------------
/opt/airflow/dags/weather_dag.py                           1           0  0.68s           2026-06-04T07:46:39
================================================================================
[2026-06-04T07:47:27.907+0000] {manager.py:878} INFO - 
================================================================================
DAG File Processing Stats

File Path                         PID    Runtime      # DAGs    # Errors  Last Runtime    Last Run
--------------------------------  -----  ---------  --------  ----------  --------------  -------------------
/opt/airflow/dags/weather_dag.py                           1           0  0.48s           2026-06-04T07:47:10
================================================================================
[2026-06-04T07:47:57.977+0000] {manager.py:878} INFO - 
================================================================================
DAG File Processing Stats

File Path                         PID    Runtime      # DAGs    # Errors  Last Runtime    Last Run
--------------------------------  -----  ---------  --------  ----------  --------------  -------------------
/opt/airflow/dags/weather_dag.py                           1           0  0.54s           2026-06-04T07:47:40
================================================================================
[2026-06-04T07:48:28.644+0000] {manager.py:878} INFO - 
================================================================================
DAG File Processing Stats

File Path                         PID    Runtime      # DAGs    # Errors  Last Runtime    Last Run
--------------------------------  -----  ---------  --------  ----------  --------------  -------------------
/opt/airflow/dags/weather_dag.py                           1           0  0.52s           2026-06-04T07:48:11
================================================================================
[2026-06-04T07:48:58.964+0000] {manager.py:878} INFO - 
================================================================================
DAG File Processing Stats

File Path                         PID    Runtime      # DAGs    # Errors  Last Runtime    Last Run
--------------------------------  -----  ---------  --------  ----------  --------------  -------------------
/opt/airflow/dags/weather_dag.py                           1           0  0.50s           2026-06-04T07:48:42
================================================================================
[2026-06-04T07:49:29.012+0000] {manager.py:878} INFO - 
================================================================================
DAG File Processing Stats

File Path                         PID    Runtime      # DAGs    # Errors  Last Runtime    Last Run
--------------------------------  -----  ---------  --------  ----------  --------------  -------------------
/opt/airflow/dags/weather_dag.py                           1           0  0.43s           2026-06-04T07:49:12
================================================================================
[2026-06-04T07:49:59.841+0000] {manager.py:878} INFO - 
================================================================================
DAG File Processing Stats

File Path                         PID    Runtime      # DAGs    # Errors  Last Runtime    Last Run
--------------------------------  -----  ---------  --------  ----------  --------------  -------------------
/opt/airflow/dags/weather_dag.py                           1           0  0.61s           2026-06-04T07:49:43
================================================================================
