[2026-05-31T18:48:03.824+0000] {processor.py:161} INFO - Started process (PID=107) to work on /opt/airflow/dags/weather_dag.py
[2026-05-31T18:48:03.836+0000] {processor.py:830} INFO - Processing file /opt/airflow/dags/weather_dag.py for tasks to queue
[2026-05-31T18:48:03.892+0000] {logging_mixin.py:188} INFO - [2026-05-31T18:48:03.883+0000] {dagbag.py:545} INFO - Filling up the DagBag from /opt/airflow/dags/weather_dag.py
[2026-05-31T18:48:05.679+0000] {processor.py:840} INFO - DAG(s) 'weather_pipeline' retrieved from /opt/airflow/dags/weather_dag.py
[2026-05-31T18:48:06.903+0000] {logging_mixin.py:188} INFO - [2026-05-31T18:48:06.901+0000] {override.py:1829} INFO - Created Permission View: can edit on DAG:weather_pipeline
[2026-05-31T18:48:06.943+0000] {logging_mixin.py:188} INFO - [2026-05-31T18:48:06.942+0000] {override.py:1829} INFO - Created Permission View: can read on DAG:weather_pipeline
[2026-05-31T18:48:06.965+0000] {logging_mixin.py:188} INFO - [2026-05-31T18:48:06.964+0000] {override.py:1829} INFO - Created Permission View: can delete on DAG:weather_pipeline
[2026-05-31T18:48:06.967+0000] {logging_mixin.py:188} INFO - [2026-05-31T18:48:06.966+0000] {dag.py:3096} INFO - Sync 1 DAGs
[2026-05-31T18:48:07.005+0000] {logging_mixin.py:188} INFO - [2026-05-31T18:48:07.004+0000] {dag.py:3118} INFO - Creating ORM DAG for weather_pipeline
[2026-05-31T18:48:07.072+0000] {logging_mixin.py:188} INFO - [2026-05-31T18:48:07.072+0000] {dag.py:3954} INFO - Setting next_dagrun for weather_pipeline to 2026-05-31 17:00:00+00:00, run_after=2026-05-31 18:00:00+00:00
[2026-05-31T18:48:07.131+0000] {processor.py:183} INFO - Processing /opt/airflow/dags/weather_dag.py took 3.645 seconds
[2026-05-31T18:48:37.504+0000] {processor.py:161} INFO - Started process (PID=115) to work on /opt/airflow/dags/weather_dag.py
[2026-05-31T18:48:37.514+0000] {processor.py:830} INFO - Processing file /opt/airflow/dags/weather_dag.py for tasks to queue
[2026-05-31T18:48:37.522+0000] {logging_mixin.py:188} INFO - [2026-05-31T18:48:37.520+0000] {dagbag.py:545} INFO - Filling up the DagBag from /opt/airflow/dags/weather_dag.py
[2026-05-31T18:48:38.037+0000] {processor.py:840} INFO - DAG(s) 'weather_pipeline' retrieved from /opt/airflow/dags/weather_dag.py
[2026-05-31T18:48:38.110+0000] {logging_mixin.py:188} INFO - [2026-05-31T18:48:38.108+0000] {dag.py:3096} INFO - Sync 1 DAGs
[2026-05-31T18:48:38.178+0000] {logging_mixin.py:188} INFO - [2026-05-31T18:48:38.177+0000] {dag.py:3954} INFO - Setting next_dagrun for weather_pipeline to 2026-05-31 17:00:00+00:00, run_after=2026-05-31 18:00:00+00:00
[2026-05-31T18:48:38.242+0000] {processor.py:183} INFO - Processing /opt/airflow/dags/weather_dag.py took 0.766 seconds
[2026-05-31T18:49:08.745+0000] {processor.py:161} INFO - Started process (PID=123) to work on /opt/airflow/dags/weather_dag.py
[2026-05-31T18:49:08.748+0000] {processor.py:830} INFO - Processing file /opt/airflow/dags/weather_dag.py for tasks to queue
[2026-05-31T18:49:08.755+0000] {logging_mixin.py:188} INFO - [2026-05-31T18:49:08.754+0000] {dagbag.py:545} INFO - Filling up the DagBag from /opt/airflow/dags/weather_dag.py
[2026-05-31T18:49:09.231+0000] {processor.py:840} INFO - DAG(s) 'weather_pipeline' retrieved from /opt/airflow/dags/weather_dag.py
[2026-05-31T18:49:09.285+0000] {logging_mixin.py:188} INFO - [2026-05-31T18:49:09.284+0000] {dag.py:3096} INFO - Sync 1 DAGs
[2026-05-31T18:49:09.339+0000] {logging_mixin.py:188} INFO - [2026-05-31T18:49:09.338+0000] {dag.py:3954} INFO - Setting next_dagrun for weather_pipeline to 2026-05-31 17:00:00+00:00, run_after=2026-05-31 18:00:00+00:00
[2026-05-31T18:49:09.386+0000] {processor.py:183} INFO - Processing /opt/airflow/dags/weather_dag.py took 0.676 seconds
[2026-05-31T18:49:39.791+0000] {processor.py:161} INFO - Started process (PID=131) to work on /opt/airflow/dags/weather_dag.py
[2026-05-31T18:49:39.793+0000] {processor.py:830} INFO - Processing file /opt/airflow/dags/weather_dag.py for tasks to queue
[2026-05-31T18:49:39.798+0000] {logging_mixin.py:188} INFO - [2026-05-31T18:49:39.797+0000] {dagbag.py:545} INFO - Filling up the DagBag from /opt/airflow/dags/weather_dag.py
[2026-05-31T18:49:40.229+0000] {processor.py:840} INFO - DAG(s) 'weather_pipeline' retrieved from /opt/airflow/dags/weather_dag.py
[2026-05-31T18:49:40.318+0000] {logging_mixin.py:188} INFO - [2026-05-31T18:49:40.317+0000] {dag.py:3096} INFO - Sync 1 DAGs
[2026-05-31T18:49:40.391+0000] {logging_mixin.py:188} INFO - [2026-05-31T18:49:40.391+0000] {dag.py:3954} INFO - Setting next_dagrun for weather_pipeline to 2026-05-31 17:00:00+00:00, run_after=2026-05-31 18:00:00+00:00
[2026-05-31T18:49:40.440+0000] {processor.py:183} INFO - Processing /opt/airflow/dags/weather_dag.py took 0.662 seconds
[2026-05-31T18:50:10.838+0000] {processor.py:161} INFO - Started process (PID=139) to work on /opt/airflow/dags/weather_dag.py
[2026-05-31T18:50:10.840+0000] {processor.py:830} INFO - Processing file /opt/airflow/dags/weather_dag.py for tasks to queue
[2026-05-31T18:50:10.846+0000] {logging_mixin.py:188} INFO - [2026-05-31T18:50:10.846+0000] {dagbag.py:545} INFO - Filling up the DagBag from /opt/airflow/dags/weather_dag.py
[2026-05-31T18:50:11.414+0000] {processor.py:840} INFO - DAG(s) 'weather_pipeline' retrieved from /opt/airflow/dags/weather_dag.py
[2026-05-31T18:50:11.477+0000] {logging_mixin.py:188} INFO - [2026-05-31T18:50:11.474+0000] {dag.py:3096} INFO - Sync 1 DAGs
[2026-05-31T18:50:11.546+0000] {logging_mixin.py:188} INFO - [2026-05-31T18:50:11.545+0000] {dag.py:3954} INFO - Setting next_dagrun for weather_pipeline to 2026-05-31 17:00:00+00:00, run_after=2026-05-31 18:00:00+00:00
[2026-05-31T18:50:11.597+0000] {processor.py:183} INFO - Processing /opt/airflow/dags/weather_dag.py took 0.769 seconds
[2026-05-31T18:50:41.747+0000] {processor.py:161} INFO - Started process (PID=148) to work on /opt/airflow/dags/weather_dag.py
[2026-05-31T18:50:41.749+0000] {processor.py:830} INFO - Processing file /opt/airflow/dags/weather_dag.py for tasks to queue
[2026-05-31T18:50:41.753+0000] {logging_mixin.py:188} INFO - [2026-05-31T18:50:41.752+0000] {dagbag.py:545} INFO - Filling up the DagBag from /opt/airflow/dags/weather_dag.py
[2026-05-31T18:50:42.077+0000] {processor.py:840} INFO - DAG(s) 'weather_pipeline' retrieved from /opt/airflow/dags/weather_dag.py
[2026-05-31T18:50:42.346+0000] {logging_mixin.py:188} INFO - [2026-05-31T18:50:42.345+0000] {dag.py:3096} INFO - Sync 1 DAGs
[2026-05-31T18:50:42.390+0000] {logging_mixin.py:188} INFO - [2026-05-31T18:50:42.390+0000] {dag.py:3954} INFO - Setting next_dagrun for weather_pipeline to 2026-05-31 17:00:00+00:00, run_after=2026-05-31 18:00:00+00:00
[2026-05-31T18:50:42.444+0000] {processor.py:183} INFO - Processing /opt/airflow/dags/weather_dag.py took 0.714 seconds
[2026-05-31T18:51:12.811+0000] {processor.py:161} INFO - Started process (PID=156) to work on /opt/airflow/dags/weather_dag.py
[2026-05-31T18:51:12.813+0000] {processor.py:830} INFO - Processing file /opt/airflow/dags/weather_dag.py for tasks to queue
[2026-05-31T18:51:12.820+0000] {logging_mixin.py:188} INFO - [2026-05-31T18:51:12.819+0000] {dagbag.py:545} INFO - Filling up the DagBag from /opt/airflow/dags/weather_dag.py
[2026-05-31T18:51:13.191+0000] {processor.py:840} INFO - DAG(s) 'weather_pipeline' retrieved from /opt/airflow/dags/weather_dag.py
[2026-05-31T18:51:13.241+0000] {logging_mixin.py:188} INFO - [2026-05-31T18:51:13.240+0000] {dag.py:3096} INFO - Sync 1 DAGs
[2026-05-31T18:51:13.287+0000] {logging_mixin.py:188} INFO - [2026-05-31T18:51:13.287+0000] {dag.py:3954} INFO - Setting next_dagrun for weather_pipeline to 2026-05-31 17:00:00+00:00, run_after=2026-05-31 18:00:00+00:00
[2026-05-31T18:51:13.330+0000] {processor.py:183} INFO - Processing /opt/airflow/dags/weather_dag.py took 0.541 seconds
[2026-05-31T18:51:43.779+0000] {processor.py:161} INFO - Started process (PID=164) to work on /opt/airflow/dags/weather_dag.py
[2026-05-31T18:51:43.841+0000] {processor.py:830} INFO - Processing file /opt/airflow/dags/weather_dag.py for tasks to queue
[2026-05-31T18:51:43.850+0000] {logging_mixin.py:188} INFO - [2026-05-31T18:51:43.849+0000] {dagbag.py:545} INFO - Filling up the DagBag from /opt/airflow/dags/weather_dag.py
[2026-05-31T18:51:44.307+0000] {processor.py:840} INFO - DAG(s) 'weather_pipeline' retrieved from /opt/airflow/dags/weather_dag.py
[2026-05-31T18:51:44.376+0000] {logging_mixin.py:188} INFO - [2026-05-31T18:51:44.375+0000] {dag.py:3096} INFO - Sync 1 DAGs
[2026-05-31T18:51:44.443+0000] {logging_mixin.py:188} INFO - [2026-05-31T18:51:44.442+0000] {dag.py:3954} INFO - Setting next_dagrun for weather_pipeline to 2026-05-31 17:00:00+00:00, run_after=2026-05-31 18:00:00+00:00
[2026-05-31T18:51:44.499+0000] {processor.py:183} INFO - Processing /opt/airflow/dags/weather_dag.py took 0.760 seconds
[2026-05-31T18:52:14.869+0000] {processor.py:161} INFO - Started process (PID=172) to work on /opt/airflow/dags/weather_dag.py
[2026-05-31T18:52:14.871+0000] {processor.py:830} INFO - Processing file /opt/airflow/dags/weather_dag.py for tasks to queue
[2026-05-31T18:52:14.875+0000] {logging_mixin.py:188} INFO - [2026-05-31T18:52:14.874+0000] {dagbag.py:545} INFO - Filling up the DagBag from /opt/airflow/dags/weather_dag.py
[2026-05-31T18:52:15.218+0000] {processor.py:840} INFO - DAG(s) 'weather_pipeline' retrieved from /opt/airflow/dags/weather_dag.py
[2026-05-31T18:52:15.271+0000] {logging_mixin.py:188} INFO - [2026-05-31T18:52:15.270+0000] {dag.py:3096} INFO - Sync 1 DAGs
[2026-05-31T18:52:15.324+0000] {logging_mixin.py:188} INFO - [2026-05-31T18:52:15.324+0000] {dag.py:3954} INFO - Setting next_dagrun for weather_pipeline to 2026-05-31 17:00:00+00:00, run_after=2026-05-31 18:00:00+00:00
[2026-05-31T18:52:15.374+0000] {processor.py:183} INFO - Processing /opt/airflow/dags/weather_dag.py took 0.519 seconds
[2026-05-31T18:52:45.783+0000] {processor.py:161} INFO - Started process (PID=180) to work on /opt/airflow/dags/weather_dag.py
[2026-05-31T18:52:45.787+0000] {processor.py:830} INFO - Processing file /opt/airflow/dags/weather_dag.py for tasks to queue
[2026-05-31T18:52:45.796+0000] {logging_mixin.py:188} INFO - [2026-05-31T18:52:45.795+0000] {dagbag.py:545} INFO - Filling up the DagBag from /opt/airflow/dags/weather_dag.py
[2026-05-31T18:52:46.272+0000] {processor.py:840} INFO - DAG(s) 'weather_pipeline' retrieved from /opt/airflow/dags/weather_dag.py
[2026-05-31T18:52:46.366+0000] {logging_mixin.py:188} INFO - [2026-05-31T18:52:46.364+0000] {dag.py:3096} INFO - Sync 1 DAGs
[2026-05-31T18:52:46.430+0000] {logging_mixin.py:188} INFO - [2026-05-31T18:52:46.430+0000] {dag.py:3954} INFO - Setting next_dagrun for weather_pipeline to 2026-05-31 17:00:00+00:00, run_after=2026-05-31 18:00:00+00:00
[2026-05-31T18:52:46.483+0000] {processor.py:183} INFO - Processing /opt/airflow/dags/weather_dag.py took 0.714 seconds
[2026-05-31T18:53:16.793+0000] {processor.py:161} INFO - Started process (PID=188) to work on /opt/airflow/dags/weather_dag.py
[2026-05-31T18:53:16.796+0000] {processor.py:830} INFO - Processing file /opt/airflow/dags/weather_dag.py for tasks to queue
[2026-05-31T18:53:16.800+0000] {logging_mixin.py:188} INFO - [2026-05-31T18:53:16.799+0000] {dagbag.py:545} INFO - Filling up the DagBag from /opt/airflow/dags/weather_dag.py
[2026-05-31T18:53:17.183+0000] {processor.py:840} INFO - DAG(s) 'weather_pipeline' retrieved from /opt/airflow/dags/weather_dag.py
[2026-05-31T18:53:17.236+0000] {logging_mixin.py:188} INFO - [2026-05-31T18:53:17.235+0000] {dag.py:3096} INFO - Sync 1 DAGs
[2026-05-31T18:53:17.296+0000] {logging_mixin.py:188} INFO - [2026-05-31T18:53:17.295+0000] {dag.py:3954} INFO - Setting next_dagrun for weather_pipeline to 2026-05-31 17:00:00+00:00, run_after=2026-05-31 18:00:00+00:00
[2026-05-31T18:53:17.362+0000] {processor.py:183} INFO - Processing /opt/airflow/dags/weather_dag.py took 0.584 seconds
[2026-05-31T18:53:47.714+0000] {processor.py:161} INFO - Started process (PID=200) to work on /opt/airflow/dags/weather_dag.py
[2026-05-31T18:53:47.721+0000] {processor.py:830} INFO - Processing file /opt/airflow/dags/weather_dag.py for tasks to queue
[2026-05-31T18:53:47.726+0000] {logging_mixin.py:188} INFO - [2026-05-31T18:53:47.725+0000] {dagbag.py:545} INFO - Filling up the DagBag from /opt/airflow/dags/weather_dag.py
[2026-05-31T18:53:48.139+0000] {processor.py:840} INFO - DAG(s) 'weather_pipeline' retrieved from /opt/airflow/dags/weather_dag.py
[2026-05-31T18:53:48.202+0000] {logging_mixin.py:188} INFO - [2026-05-31T18:53:48.201+0000] {dag.py:3096} INFO - Sync 1 DAGs
[2026-05-31T18:53:48.256+0000] {logging_mixin.py:188} INFO - [2026-05-31T18:53:48.256+0000] {dag.py:3954} INFO - Setting next_dagrun for weather_pipeline to 2026-05-31 18:00:00+00:00, run_after=2026-05-31 19:00:00+00:00
[2026-05-31T18:53:48.299+0000] {processor.py:183} INFO - Processing /opt/airflow/dags/weather_dag.py took 0.603 seconds
[2026-05-31T18:54:18.571+0000] {processor.py:161} INFO - Started process (PID=208) to work on /opt/airflow/dags/weather_dag.py
[2026-05-31T18:54:18.574+0000] {processor.py:830} INFO - Processing file /opt/airflow/dags/weather_dag.py for tasks to queue
[2026-05-31T18:54:18.581+0000] {logging_mixin.py:188} INFO - [2026-05-31T18:54:18.580+0000] {dagbag.py:545} INFO - Filling up the DagBag from /opt/airflow/dags/weather_dag.py
[2026-05-31T18:54:19.243+0000] {processor.py:840} INFO - DAG(s) 'weather_pipeline' retrieved from /opt/airflow/dags/weather_dag.py
[2026-05-31T18:54:19.343+0000] {logging_mixin.py:188} INFO - [2026-05-31T18:54:19.341+0000] {dag.py:3096} INFO - Sync 1 DAGs
[2026-05-31T18:54:19.439+0000] {logging_mixin.py:188} INFO - [2026-05-31T18:54:19.438+0000] {dag.py:3954} INFO - Setting next_dagrun for weather_pipeline to 2026-05-31 18:00:00+00:00, run_after=2026-05-31 19:00:00+00:00
[2026-05-31T18:54:19.496+0000] {processor.py:183} INFO - Processing /opt/airflow/dags/weather_dag.py took 0.943 seconds
[2026-05-31T18:54:49.887+0000] {processor.py:161} INFO - Started process (PID=216) to work on /opt/airflow/dags/weather_dag.py
[2026-05-31T18:54:49.890+0000] {processor.py:830} INFO - Processing file /opt/airflow/dags/weather_dag.py for tasks to queue
[2026-05-31T18:54:49.894+0000] {logging_mixin.py:188} INFO - [2026-05-31T18:54:49.894+0000] {dagbag.py:545} INFO - Filling up the DagBag from /opt/airflow/dags/weather_dag.py
[2026-05-31T18:54:50.309+0000] {processor.py:840} INFO - DAG(s) 'weather_pipeline' retrieved from /opt/airflow/dags/weather_dag.py
[2026-05-31T18:54:50.378+0000] {logging_mixin.py:188} INFO - [2026-05-31T18:54:50.377+0000] {dag.py:3096} INFO - Sync 1 DAGs
[2026-05-31T18:54:50.435+0000] {logging_mixin.py:188} INFO - [2026-05-31T18:54:50.434+0000] {dag.py:3954} INFO - Setting next_dagrun for weather_pipeline to 2026-05-31 18:00:00+00:00, run_after=2026-05-31 19:00:00+00:00
[2026-05-31T18:54:50.480+0000] {processor.py:183} INFO - Processing /opt/airflow/dags/weather_dag.py took 0.604 seconds
[2026-05-31T18:55:20.825+0000] {processor.py:161} INFO - Started process (PID=224) to work on /opt/airflow/dags/weather_dag.py
[2026-05-31T18:55:20.828+0000] {processor.py:830} INFO - Processing file /opt/airflow/dags/weather_dag.py for tasks to queue
[2026-05-31T18:55:20.837+0000] {logging_mixin.py:188} INFO - [2026-05-31T18:55:20.835+0000] {dagbag.py:545} INFO - Filling up the DagBag from /opt/airflow/dags/weather_dag.py
[2026-05-31T18:55:21.248+0000] {processor.py:840} INFO - DAG(s) 'weather_pipeline' retrieved from /opt/airflow/dags/weather_dag.py
[2026-05-31T18:55:21.318+0000] {logging_mixin.py:188} INFO - [2026-05-31T18:55:21.317+0000] {dag.py:3096} INFO - Sync 1 DAGs
[2026-05-31T18:55:21.385+0000] {logging_mixin.py:188} INFO - [2026-05-31T18:55:21.385+0000] {dag.py:3954} INFO - Setting next_dagrun for weather_pipeline to 2026-05-31 18:00:00+00:00, run_after=2026-05-31 19:00:00+00:00
[2026-05-31T18:55:21.440+0000] {processor.py:183} INFO - Processing /opt/airflow/dags/weather_dag.py took 0.637 seconds
[2026-05-31T18:55:51.771+0000] {processor.py:161} INFO - Started process (PID=233) to work on /opt/airflow/dags/weather_dag.py
[2026-05-31T18:55:51.773+0000] {processor.py:830} INFO - Processing file /opt/airflow/dags/weather_dag.py for tasks to queue
[2026-05-31T18:55:51.778+0000] {logging_mixin.py:188} INFO - [2026-05-31T18:55:51.777+0000] {dagbag.py:545} INFO - Filling up the DagBag from /opt/airflow/dags/weather_dag.py
[2026-05-31T18:55:52.152+0000] {processor.py:840} INFO - DAG(s) 'weather_pipeline' retrieved from /opt/airflow/dags/weather_dag.py
[2026-05-31T18:55:52.222+0000] {logging_mixin.py:188} INFO - [2026-05-31T18:55:52.221+0000] {dag.py:3096} INFO - Sync 1 DAGs
[2026-05-31T18:55:52.271+0000] {logging_mixin.py:188} INFO - [2026-05-31T18:55:52.271+0000] {dag.py:3954} INFO - Setting next_dagrun for weather_pipeline to 2026-05-31 18:00:00+00:00, run_after=2026-05-31 19:00:00+00:00
[2026-05-31T18:55:52.318+0000] {processor.py:183} INFO - Processing /opt/airflow/dags/weather_dag.py took 0.564 seconds
[2026-05-31T18:56:22.700+0000] {processor.py:161} INFO - Started process (PID=241) to work on /opt/airflow/dags/weather_dag.py
[2026-05-31T18:56:22.704+0000] {processor.py:830} INFO - Processing file /opt/airflow/dags/weather_dag.py for tasks to queue
[2026-05-31T18:56:22.709+0000] {logging_mixin.py:188} INFO - [2026-05-31T18:56:22.707+0000] {dagbag.py:545} INFO - Filling up the DagBag from /opt/airflow/dags/weather_dag.py
[2026-05-31T18:56:23.196+0000] {processor.py:840} INFO - DAG(s) 'weather_pipeline' retrieved from /opt/airflow/dags/weather_dag.py
[2026-05-31T18:56:23.276+0000] {logging_mixin.py:188} INFO - [2026-05-31T18:56:23.271+0000] {dag.py:3096} INFO - Sync 1 DAGs
[2026-05-31T18:56:23.339+0000] {logging_mixin.py:188} INFO - [2026-05-31T18:56:23.339+0000] {dag.py:3954} INFO - Setting next_dagrun for weather_pipeline to 2026-05-31 18:00:00+00:00, run_after=2026-05-31 19:00:00+00:00
[2026-05-31T18:56:23.382+0000] {processor.py:183} INFO - Processing /opt/airflow/dags/weather_dag.py took 0.696 seconds
[2026-05-31T18:56:53.736+0000] {processor.py:161} INFO - Started process (PID=249) to work on /opt/airflow/dags/weather_dag.py
[2026-05-31T18:56:53.744+0000] {processor.py:830} INFO - Processing file /opt/airflow/dags/weather_dag.py for tasks to queue
[2026-05-31T18:56:53.754+0000] {logging_mixin.py:188} INFO - [2026-05-31T18:56:53.753+0000] {dagbag.py:545} INFO - Filling up the DagBag from /opt/airflow/dags/weather_dag.py
[2026-05-31T18:56:54.409+0000] {processor.py:840} INFO - DAG(s) 'weather_pipeline' retrieved from /opt/airflow/dags/weather_dag.py
[2026-05-31T18:56:54.470+0000] {logging_mixin.py:188} INFO - [2026-05-31T18:56:54.469+0000] {dag.py:3096} INFO - Sync 1 DAGs
[2026-05-31T18:56:54.519+0000] {logging_mixin.py:188} INFO - [2026-05-31T18:56:54.519+0000] {dag.py:3954} INFO - Setting next_dagrun for weather_pipeline to 2026-05-31 18:00:00+00:00, run_after=2026-05-31 19:00:00+00:00
[2026-05-31T18:56:54.565+0000] {processor.py:183} INFO - Processing /opt/airflow/dags/weather_dag.py took 0.857 seconds
[2026-05-31T18:57:24.880+0000] {processor.py:161} INFO - Started process (PID=257) to work on /opt/airflow/dags/weather_dag.py
[2026-05-31T18:57:24.884+0000] {processor.py:830} INFO - Processing file /opt/airflow/dags/weather_dag.py for tasks to queue
[2026-05-31T18:57:24.894+0000] {logging_mixin.py:188} INFO - [2026-05-31T18:57:24.893+0000] {dagbag.py:545} INFO - Filling up the DagBag from /opt/airflow/dags/weather_dag.py
[2026-05-31T18:57:25.503+0000] {processor.py:840} INFO - DAG(s) 'weather_pipeline' retrieved from /opt/airflow/dags/weather_dag.py
[2026-05-31T18:57:25.579+0000] {logging_mixin.py:188} INFO - [2026-05-31T18:57:25.578+0000] {dag.py:3096} INFO - Sync 1 DAGs
[2026-05-31T18:57:25.653+0000] {logging_mixin.py:188} INFO - [2026-05-31T18:57:25.653+0000] {dag.py:3954} INFO - Setting next_dagrun for weather_pipeline to 2026-05-31 18:00:00+00:00, run_after=2026-05-31 19:00:00+00:00
[2026-05-31T18:57:25.699+0000] {processor.py:183} INFO - Processing /opt/airflow/dags/weather_dag.py took 0.852 seconds
[2026-05-31T18:57:56.136+0000] {processor.py:161} INFO - Started process (PID=265) to work on /opt/airflow/dags/weather_dag.py
[2026-05-31T18:57:56.150+0000] {processor.py:830} INFO - Processing file /opt/airflow/dags/weather_dag.py for tasks to queue
[2026-05-31T18:57:56.157+0000] {logging_mixin.py:188} INFO - [2026-05-31T18:57:56.154+0000] {dagbag.py:545} INFO - Filling up the DagBag from /opt/airflow/dags/weather_dag.py
[2026-05-31T18:57:56.663+0000] {processor.py:840} INFO - DAG(s) 'weather_pipeline' retrieved from /opt/airflow/dags/weather_dag.py
[2026-05-31T18:57:56.732+0000] {logging_mixin.py:188} INFO - [2026-05-31T18:57:56.730+0000] {dag.py:3096} INFO - Sync 1 DAGs
[2026-05-31T18:57:56.816+0000] {logging_mixin.py:188} INFO - [2026-05-31T18:57:56.816+0000] {dag.py:3954} INFO - Setting next_dagrun for weather_pipeline to 2026-05-31 18:00:00+00:00, run_after=2026-05-31 19:00:00+00:00
[2026-05-31T18:57:56.878+0000] {processor.py:183} INFO - Processing /opt/airflow/dags/weather_dag.py took 0.763 seconds
[2026-05-31T18:58:27.328+0000] {processor.py:161} INFO - Started process (PID=273) to work on /opt/airflow/dags/weather_dag.py
[2026-05-31T18:58:27.331+0000] {processor.py:830} INFO - Processing file /opt/airflow/dags/weather_dag.py for tasks to queue
[2026-05-31T18:58:27.339+0000] {logging_mixin.py:188} INFO - [2026-05-31T18:58:27.337+0000] {dagbag.py:545} INFO - Filling up the DagBag from /opt/airflow/dags/weather_dag.py
[2026-05-31T18:58:27.842+0000] {processor.py:840} INFO - DAG(s) 'weather_pipeline' retrieved from /opt/airflow/dags/weather_dag.py
[2026-05-31T18:58:27.894+0000] {logging_mixin.py:188} INFO - [2026-05-31T18:58:27.893+0000] {dag.py:3096} INFO - Sync 1 DAGs
[2026-05-31T18:58:27.951+0000] {logging_mixin.py:188} INFO - [2026-05-31T18:58:27.950+0000] {dag.py:3954} INFO - Setting next_dagrun for weather_pipeline to 2026-05-31 18:00:00+00:00, run_after=2026-05-31 19:00:00+00:00
[2026-05-31T18:58:28.008+0000] {processor.py:183} INFO - Processing /opt/airflow/dags/weather_dag.py took 0.693 seconds
[2026-05-31T18:58:58.448+0000] {processor.py:161} INFO - Started process (PID=281) to work on /opt/airflow/dags/weather_dag.py
[2026-05-31T18:58:58.451+0000] {processor.py:830} INFO - Processing file /opt/airflow/dags/weather_dag.py for tasks to queue
[2026-05-31T18:58:58.456+0000] {logging_mixin.py:188} INFO - [2026-05-31T18:58:58.455+0000] {dagbag.py:545} INFO - Filling up the DagBag from /opt/airflow/dags/weather_dag.py
[2026-05-31T18:58:58.796+0000] {processor.py:840} INFO - DAG(s) 'weather_pipeline' retrieved from /opt/airflow/dags/weather_dag.py
[2026-05-31T18:58:58.856+0000] {logging_mixin.py:188} INFO - [2026-05-31T18:58:58.854+0000] {dag.py:3096} INFO - Sync 1 DAGs
[2026-05-31T18:58:58.905+0000] {logging_mixin.py:188} INFO - [2026-05-31T18:58:58.904+0000] {dag.py:3954} INFO - Setting next_dagrun for weather_pipeline to 2026-05-31 18:00:00+00:00, run_after=2026-05-31 19:00:00+00:00
[2026-05-31T18:58:58.951+0000] {processor.py:183} INFO - Processing /opt/airflow/dags/weather_dag.py took 0.521 seconds
[2026-05-31T18:59:29.103+0000] {processor.py:161} INFO - Started process (PID=294) to work on /opt/airflow/dags/weather_dag.py
[2026-05-31T18:59:29.135+0000] {processor.py:830} INFO - Processing file /opt/airflow/dags/weather_dag.py for tasks to queue
[2026-05-31T18:59:29.168+0000] {logging_mixin.py:188} INFO - [2026-05-31T18:59:29.167+0000] {dagbag.py:545} INFO - Filling up the DagBag from /opt/airflow/dags/weather_dag.py
[2026-05-31T18:59:29.886+0000] {processor.py:840} INFO - DAG(s) 'weather_pipeline' retrieved from /opt/airflow/dags/weather_dag.py
[2026-05-31T18:59:29.955+0000] {logging_mixin.py:188} INFO - [2026-05-31T18:59:29.950+0000] {dag.py:3096} INFO - Sync 1 DAGs
[2026-05-31T18:59:30.004+0000] {logging_mixin.py:188} INFO - [2026-05-31T18:59:30.003+0000] {dag.py:3954} INFO - Setting next_dagrun for weather_pipeline to 2026-05-31 18:00:00+00:00, run_after=2026-05-31 19:00:00+00:00
[2026-05-31T18:59:30.056+0000] {processor.py:183} INFO - Processing /opt/airflow/dags/weather_dag.py took 0.974 seconds
[2026-05-31T19:00:00.410+0000] {processor.py:161} INFO - Started process (PID=302) to work on /opt/airflow/dags/weather_dag.py
[2026-05-31T19:00:00.413+0000] {processor.py:830} INFO - Processing file /opt/airflow/dags/weather_dag.py for tasks to queue
[2026-05-31T19:00:00.418+0000] {logging_mixin.py:188} INFO - [2026-05-31T19:00:00.416+0000] {dagbag.py:545} INFO - Filling up the DagBag from /opt/airflow/dags/weather_dag.py
[2026-05-31T19:00:00.847+0000] {processor.py:840} INFO - DAG(s) 'weather_pipeline' retrieved from /opt/airflow/dags/weather_dag.py
[2026-05-31T19:00:00.918+0000] {logging_mixin.py:188} INFO - [2026-05-31T19:00:00.916+0000] {dag.py:3096} INFO - Sync 1 DAGs
[2026-05-31T19:00:00.980+0000] {logging_mixin.py:188} INFO - [2026-05-31T19:00:00.977+0000] {dag.py:3954} INFO - Setting next_dagrun for weather_pipeline to 2026-05-31 19:00:00+00:00, run_after=2026-05-31 20:00:00+00:00
[2026-05-31T19:00:01.054+0000] {processor.py:183} INFO - Processing /opt/airflow/dags/weather_dag.py took 0.658 seconds
[2026-05-31T19:00:31.392+0000] {processor.py:161} INFO - Started process (PID=314) to work on /opt/airflow/dags/weather_dag.py
[2026-05-31T19:00:31.394+0000] {processor.py:830} INFO - Processing file /opt/airflow/dags/weather_dag.py for tasks to queue
[2026-05-31T19:00:31.399+0000] {logging_mixin.py:188} INFO - [2026-05-31T19:00:31.399+0000] {dagbag.py:545} INFO - Filling up the DagBag from /opt/airflow/dags/weather_dag.py
[2026-05-31T19:00:31.783+0000] {processor.py:840} INFO - DAG(s) 'weather_pipeline' retrieved from /opt/airflow/dags/weather_dag.py
[2026-05-31T19:00:31.843+0000] {logging_mixin.py:188} INFO - [2026-05-31T19:00:31.842+0000] {dag.py:3096} INFO - Sync 1 DAGs
[2026-05-31T19:00:31.896+0000] {logging_mixin.py:188} INFO - [2026-05-31T19:00:31.896+0000] {dag.py:3954} INFO - Setting next_dagrun for weather_pipeline to 2026-05-31 19:00:00+00:00, run_after=2026-05-31 20:00:00+00:00
[2026-05-31T19:00:31.946+0000] {processor.py:183} INFO - Processing /opt/airflow/dags/weather_dag.py took 0.572 seconds
[2026-05-31T19:01:02.481+0000] {processor.py:161} INFO - Started process (PID=322) to work on /opt/airflow/dags/weather_dag.py
[2026-05-31T19:01:02.483+0000] {processor.py:830} INFO - Processing file /opt/airflow/dags/weather_dag.py for tasks to queue
[2026-05-31T19:01:02.496+0000] {logging_mixin.py:188} INFO - [2026-05-31T19:01:02.495+0000] {dagbag.py:545} INFO - Filling up the DagBag from /opt/airflow/dags/weather_dag.py
[2026-05-31T19:01:03.130+0000] {processor.py:840} INFO - DAG(s) 'weather_pipeline' retrieved from /opt/airflow/dags/weather_dag.py
[2026-05-31T19:01:03.203+0000] {logging_mixin.py:188} INFO - [2026-05-31T19:01:03.195+0000] {dag.py:3096} INFO - Sync 1 DAGs
[2026-05-31T19:01:03.287+0000] {logging_mixin.py:188} INFO - [2026-05-31T19:01:03.286+0000] {dag.py:3954} INFO - Setting next_dagrun for weather_pipeline to 2026-05-31 19:00:00+00:00, run_after=2026-05-31 20:00:00+00:00
[2026-05-31T19:01:03.352+0000] {processor.py:183} INFO - Processing /opt/airflow/dags/weather_dag.py took 0.894 seconds
[2026-05-31T19:01:33.837+0000] {processor.py:161} INFO - Started process (PID=330) to work on /opt/airflow/dags/weather_dag.py
[2026-05-31T19:01:33.840+0000] {processor.py:830} INFO - Processing file /opt/airflow/dags/weather_dag.py for tasks to queue
[2026-05-31T19:01:33.846+0000] {logging_mixin.py:188} INFO - [2026-05-31T19:01:33.845+0000] {dagbag.py:545} INFO - Filling up the DagBag from /opt/airflow/dags/weather_dag.py
[2026-05-31T19:01:34.506+0000] {processor.py:840} INFO - DAG(s) 'weather_pipeline' retrieved from /opt/airflow/dags/weather_dag.py
[2026-05-31T19:01:34.603+0000] {logging_mixin.py:188} INFO - [2026-05-31T19:01:34.602+0000] {dag.py:3096} INFO - Sync 1 DAGs
[2026-05-31T19:01:34.677+0000] {logging_mixin.py:188} INFO - [2026-05-31T19:01:34.677+0000] {dag.py:3954} INFO - Setting next_dagrun for weather_pipeline to 2026-05-31 19:00:00+00:00, run_after=2026-05-31 20:00:00+00:00
[2026-05-31T19:01:34.738+0000] {processor.py:183} INFO - Processing /opt/airflow/dags/weather_dag.py took 0.920 seconds
[2026-05-31T19:02:05.147+0000] {processor.py:161} INFO - Started process (PID=338) to work on /opt/airflow/dags/weather_dag.py
[2026-05-31T19:02:05.150+0000] {processor.py:830} INFO - Processing file /opt/airflow/dags/weather_dag.py for tasks to queue
[2026-05-31T19:02:05.155+0000] {logging_mixin.py:188} INFO - [2026-05-31T19:02:05.154+0000] {dagbag.py:545} INFO - Filling up the DagBag from /opt/airflow/dags/weather_dag.py
[2026-05-31T19:02:05.662+0000] {processor.py:840} INFO - DAG(s) 'weather_pipeline' retrieved from /opt/airflow/dags/weather_dag.py
[2026-05-31T19:02:05.735+0000] {logging_mixin.py:188} INFO - [2026-05-31T19:02:05.733+0000] {dag.py:3096} INFO - Sync 1 DAGs
[2026-05-31T19:02:05.807+0000] {logging_mixin.py:188} INFO - [2026-05-31T19:02:05.805+0000] {dag.py:3954} INFO - Setting next_dagrun for weather_pipeline to 2026-05-31 19:00:00+00:00, run_after=2026-05-31 20:00:00+00:00
[2026-05-31T19:02:05.877+0000] {processor.py:183} INFO - Processing /opt/airflow/dags/weather_dag.py took 0.751 seconds
[2026-05-31T19:02:36.070+0000] {processor.py:161} INFO - Started process (PID=346) to work on /opt/airflow/dags/weather_dag.py
[2026-05-31T19:02:36.073+0000] {processor.py:830} INFO - Processing file /opt/airflow/dags/weather_dag.py for tasks to queue
[2026-05-31T19:02:36.080+0000] {logging_mixin.py:188} INFO - [2026-05-31T19:02:36.079+0000] {dagbag.py:545} INFO - Filling up the DagBag from /opt/airflow/dags/weather_dag.py
[2026-05-31T19:02:36.647+0000] {processor.py:840} INFO - DAG(s) 'weather_pipeline' retrieved from /opt/airflow/dags/weather_dag.py
[2026-05-31T19:02:36.768+0000] {logging_mixin.py:188} INFO - [2026-05-31T19:02:36.765+0000] {dag.py:3096} INFO - Sync 1 DAGs
[2026-05-31T19:02:36.875+0000] {logging_mixin.py:188} INFO - [2026-05-31T19:02:36.874+0000] {dag.py:3954} INFO - Setting next_dagrun for weather_pipeline to 2026-05-31 19:00:00+00:00, run_after=2026-05-31 20:00:00+00:00
[2026-05-31T19:02:36.976+0000] {processor.py:183} INFO - Processing /opt/airflow/dags/weather_dag.py took 0.926 seconds
[2026-05-31T19:03:07.628+0000] {processor.py:161} INFO - Started process (PID=354) to work on /opt/airflow/dags/weather_dag.py
[2026-05-31T19:03:07.635+0000] {processor.py:830} INFO - Processing file /opt/airflow/dags/weather_dag.py for tasks to queue
[2026-05-31T19:03:07.643+0000] {logging_mixin.py:188} INFO - [2026-05-31T19:03:07.642+0000] {dagbag.py:545} INFO - Filling up the DagBag from /opt/airflow/dags/weather_dag.py
[2026-05-31T19:03:08.218+0000] {processor.py:840} INFO - DAG(s) 'weather_pipeline' retrieved from /opt/airflow/dags/weather_dag.py
[2026-05-31T19:03:08.318+0000] {logging_mixin.py:188} INFO - [2026-05-31T19:03:08.317+0000] {dag.py:3096} INFO - Sync 1 DAGs
[2026-05-31T19:03:08.402+0000] {logging_mixin.py:188} INFO - [2026-05-31T19:03:08.401+0000] {dag.py:3954} INFO - Setting next_dagrun for weather_pipeline to 2026-05-31 19:00:00+00:00, run_after=2026-05-31 20:00:00+00:00
[2026-05-31T19:03:08.479+0000] {processor.py:183} INFO - Processing /opt/airflow/dags/weather_dag.py took 0.867 seconds
[2026-05-31T19:03:38.876+0000] {processor.py:161} INFO - Started process (PID=368) to work on /opt/airflow/dags/weather_dag.py
[2026-05-31T19:03:38.879+0000] {processor.py:830} INFO - Processing file /opt/airflow/dags/weather_dag.py for tasks to queue
[2026-05-31T19:03:38.887+0000] {logging_mixin.py:188} INFO - [2026-05-31T19:03:38.886+0000] {dagbag.py:545} INFO - Filling up the DagBag from /opt/airflow/dags/weather_dag.py
[2026-05-31T19:03:39.421+0000] {processor.py:840} INFO - DAG(s) 'weather_pipeline' retrieved from /opt/airflow/dags/weather_dag.py
[2026-05-31T19:03:39.563+0000] {logging_mixin.py:188} INFO - [2026-05-31T19:03:39.562+0000] {dag.py:3096} INFO - Sync 1 DAGs
[2026-05-31T19:03:39.638+0000] {logging_mixin.py:188} INFO - [2026-05-31T19:03:39.638+0000] {dag.py:3954} INFO - Setting next_dagrun for weather_pipeline to 2026-05-31 19:00:00+00:00, run_after=2026-05-31 20:00:00+00:00
[2026-05-31T19:03:39.723+0000] {processor.py:183} INFO - Processing /opt/airflow/dags/weather_dag.py took 0.860 seconds
[2026-05-31T19:04:10.112+0000] {processor.py:161} INFO - Started process (PID=376) to work on /opt/airflow/dags/weather_dag.py
[2026-05-31T19:04:10.116+0000] {processor.py:830} INFO - Processing file /opt/airflow/dags/weather_dag.py for tasks to queue
[2026-05-31T19:04:10.124+0000] {logging_mixin.py:188} INFO - [2026-05-31T19:04:10.123+0000] {dagbag.py:545} INFO - Filling up the DagBag from /opt/airflow/dags/weather_dag.py
[2026-05-31T19:04:10.535+0000] {processor.py:840} INFO - DAG(s) 'weather_pipeline' retrieved from /opt/airflow/dags/weather_dag.py
[2026-05-31T19:04:10.607+0000] {logging_mixin.py:188} INFO - [2026-05-31T19:04:10.606+0000] {dag.py:3096} INFO - Sync 1 DAGs
[2026-05-31T19:04:10.652+0000] {logging_mixin.py:188} INFO - [2026-05-31T19:04:10.652+0000] {dag.py:3954} INFO - Setting next_dagrun for weather_pipeline to 2026-05-31 19:00:00+00:00, run_after=2026-05-31 20:00:00+00:00
[2026-05-31T19:04:10.701+0000] {processor.py:183} INFO - Processing /opt/airflow/dags/weather_dag.py took 0.606 seconds
[2026-05-31T19:04:41.088+0000] {processor.py:161} INFO - Started process (PID=384) to work on /opt/airflow/dags/weather_dag.py
[2026-05-31T19:04:41.090+0000] {processor.py:830} INFO - Processing file /opt/airflow/dags/weather_dag.py for tasks to queue
[2026-05-31T19:04:41.102+0000] {logging_mixin.py:188} INFO - [2026-05-31T19:04:41.098+0000] {dagbag.py:545} INFO - Filling up the DagBag from /opt/airflow/dags/weather_dag.py
[2026-05-31T19:04:41.545+0000] {processor.py:840} INFO - DAG(s) 'weather_pipeline' retrieved from /opt/airflow/dags/weather_dag.py
[2026-05-31T19:04:41.611+0000] {logging_mixin.py:188} INFO - [2026-05-31T19:04:41.608+0000] {dag.py:3096} INFO - Sync 1 DAGs
[2026-05-31T19:04:41.664+0000] {logging_mixin.py:188} INFO - [2026-05-31T19:04:41.664+0000] {dag.py:3954} INFO - Setting next_dagrun for weather_pipeline to 2026-05-31 19:00:00+00:00, run_after=2026-05-31 20:00:00+00:00
[2026-05-31T19:04:41.711+0000] {processor.py:183} INFO - Processing /opt/airflow/dags/weather_dag.py took 0.640 seconds
[2026-05-31T19:05:12.032+0000] {processor.py:161} INFO - Started process (PID=392) to work on /opt/airflow/dags/weather_dag.py
[2026-05-31T19:05:12.034+0000] {processor.py:830} INFO - Processing file /opt/airflow/dags/weather_dag.py for tasks to queue
[2026-05-31T19:05:12.040+0000] {logging_mixin.py:188} INFO - [2026-05-31T19:05:12.039+0000] {dagbag.py:545} INFO - Filling up the DagBag from /opt/airflow/dags/weather_dag.py
[2026-05-31T19:05:12.493+0000] {processor.py:840} INFO - DAG(s) 'weather_pipeline' retrieved from /opt/airflow/dags/weather_dag.py
[2026-05-31T19:05:12.549+0000] {logging_mixin.py:188} INFO - [2026-05-31T19:05:12.549+0000] {dag.py:3096} INFO - Sync 1 DAGs
[2026-05-31T19:05:12.619+0000] {logging_mixin.py:188} INFO - [2026-05-31T19:05:12.619+0000] {dag.py:3954} INFO - Setting next_dagrun for weather_pipeline to 2026-05-31 19:00:00+00:00, run_after=2026-05-31 20:00:00+00:00
[2026-05-31T19:05:12.673+0000] {processor.py:183} INFO - Processing /opt/airflow/dags/weather_dag.py took 0.661 seconds
[2026-05-31T19:05:43.083+0000] {processor.py:161} INFO - Started process (PID=404) to work on /opt/airflow/dags/weather_dag.py
[2026-05-31T19:05:43.087+0000] {processor.py:830} INFO - Processing file /opt/airflow/dags/weather_dag.py for tasks to queue
[2026-05-31T19:05:43.094+0000] {logging_mixin.py:188} INFO - [2026-05-31T19:05:43.093+0000] {dagbag.py:545} INFO - Filling up the DagBag from /opt/airflow/dags/weather_dag.py
[2026-05-31T19:05:43.600+0000] {processor.py:840} INFO - DAG(s) 'weather_pipeline' retrieved from /opt/airflow/dags/weather_dag.py
[2026-05-31T19:05:43.674+0000] {logging_mixin.py:188} INFO - [2026-05-31T19:05:43.672+0000] {dag.py:3096} INFO - Sync 1 DAGs
[2026-05-31T19:05:43.737+0000] {logging_mixin.py:188} INFO - [2026-05-31T19:05:43.736+0000] {dag.py:3954} INFO - Setting next_dagrun for weather_pipeline to 2026-05-31 19:00:00+00:00, run_after=2026-05-31 20:00:00+00:00
[2026-05-31T19:05:43.787+0000] {processor.py:183} INFO - Processing /opt/airflow/dags/weather_dag.py took 0.724 seconds
[2026-05-31T19:06:14.379+0000] {processor.py:161} INFO - Started process (PID=412) to work on /opt/airflow/dags/weather_dag.py
[2026-05-31T19:06:14.400+0000] {processor.py:830} INFO - Processing file /opt/airflow/dags/weather_dag.py for tasks to queue
[2026-05-31T19:06:14.406+0000] {logging_mixin.py:188} INFO - [2026-05-31T19:06:14.406+0000] {dagbag.py:545} INFO - Filling up the DagBag from /opt/airflow/dags/weather_dag.py
[2026-05-31T19:06:15.409+0000] {processor.py:840} INFO - DAG(s) 'weather_pipeline' retrieved from /opt/airflow/dags/weather_dag.py
[2026-05-31T19:06:15.504+0000] {logging_mixin.py:188} INFO - [2026-05-31T19:06:15.503+0000] {dag.py:3096} INFO - Sync 1 DAGs
[2026-05-31T19:06:15.565+0000] {logging_mixin.py:188} INFO - [2026-05-31T19:06:15.565+0000] {dag.py:3954} INFO - Setting next_dagrun for weather_pipeline to 2026-05-31 19:00:00+00:00, run_after=2026-05-31 20:00:00+00:00
[2026-05-31T19:06:15.613+0000] {processor.py:183} INFO - Processing /opt/airflow/dags/weather_dag.py took 1.258 seconds
[2026-05-31T19:06:45.814+0000] {processor.py:161} INFO - Started process (PID=420) to work on /opt/airflow/dags/weather_dag.py
[2026-05-31T19:06:45.816+0000] {processor.py:830} INFO - Processing file /opt/airflow/dags/weather_dag.py for tasks to queue
[2026-05-31T19:06:45.822+0000] {logging_mixin.py:188} INFO - [2026-05-31T19:06:45.821+0000] {dagbag.py:545} INFO - Filling up the DagBag from /opt/airflow/dags/weather_dag.py
[2026-05-31T19:06:46.278+0000] {processor.py:840} INFO - DAG(s) 'weather_pipeline' retrieved from /opt/airflow/dags/weather_dag.py
[2026-05-31T19:06:46.345+0000] {logging_mixin.py:188} INFO - [2026-05-31T19:06:46.344+0000] {dag.py:3096} INFO - Sync 1 DAGs
[2026-05-31T19:06:46.403+0000] {logging_mixin.py:188} INFO - [2026-05-31T19:06:46.403+0000] {dag.py:3954} INFO - Setting next_dagrun for weather_pipeline to 2026-05-31 19:00:00+00:00, run_after=2026-05-31 20:00:00+00:00
[2026-05-31T19:06:46.460+0000] {processor.py:183} INFO - Processing /opt/airflow/dags/weather_dag.py took 0.663 seconds
[2026-05-31T19:07:16.942+0000] {processor.py:161} INFO - Started process (PID=429) to work on /opt/airflow/dags/weather_dag.py
[2026-05-31T19:07:16.944+0000] {processor.py:830} INFO - Processing file /opt/airflow/dags/weather_dag.py for tasks to queue
[2026-05-31T19:07:16.948+0000] {logging_mixin.py:188} INFO - [2026-05-31T19:07:16.948+0000] {dagbag.py:545} INFO - Filling up the DagBag from /opt/airflow/dags/weather_dag.py
[2026-05-31T19:07:17.307+0000] {processor.py:840} INFO - DAG(s) 'weather_pipeline' retrieved from /opt/airflow/dags/weather_dag.py
[2026-05-31T19:07:17.360+0000] {logging_mixin.py:188} INFO - [2026-05-31T19:07:17.359+0000] {dag.py:3096} INFO - Sync 1 DAGs
[2026-05-31T19:07:17.411+0000] {logging_mixin.py:188} INFO - [2026-05-31T19:07:17.410+0000] {dag.py:3954} INFO - Setting next_dagrun for weather_pipeline to 2026-05-31 19:00:00+00:00, run_after=2026-05-31 20:00:00+00:00
[2026-05-31T19:07:17.466+0000] {processor.py:183} INFO - Processing /opt/airflow/dags/weather_dag.py took 0.537 seconds
[2026-05-31T19:07:47.605+0000] {processor.py:161} INFO - Started process (PID=437) to work on /opt/airflow/dags/weather_dag.py
[2026-05-31T19:07:47.607+0000] {processor.py:830} INFO - Processing file /opt/airflow/dags/weather_dag.py for tasks to queue
[2026-05-31T19:07:47.612+0000] {logging_mixin.py:188} INFO - [2026-05-31T19:07:47.611+0000] {dagbag.py:545} INFO - Filling up the DagBag from /opt/airflow/dags/weather_dag.py
[2026-05-31T19:07:47.969+0000] {processor.py:840} INFO - DAG(s) 'weather_pipeline' retrieved from /opt/airflow/dags/weather_dag.py
[2026-05-31T19:07:48.021+0000] {logging_mixin.py:188} INFO - [2026-05-31T19:07:48.020+0000] {dag.py:3096} INFO - Sync 1 DAGs
[2026-05-31T19:07:48.067+0000] {logging_mixin.py:188} INFO - [2026-05-31T19:07:48.066+0000] {dag.py:3954} INFO - Setting next_dagrun for weather_pipeline to 2026-05-31 19:00:00+00:00, run_after=2026-05-31 20:00:00+00:00
[2026-05-31T19:07:48.108+0000] {processor.py:183} INFO - Processing /opt/airflow/dags/weather_dag.py took 0.515 seconds
[2026-05-31T19:08:18.372+0000] {processor.py:161} INFO - Started process (PID=445) to work on /opt/airflow/dags/weather_dag.py
[2026-05-31T19:08:18.374+0000] {processor.py:830} INFO - Processing file /opt/airflow/dags/weather_dag.py for tasks to queue
[2026-05-31T19:08:18.378+0000] {logging_mixin.py:188} INFO - [2026-05-31T19:08:18.378+0000] {dagbag.py:545} INFO - Filling up the DagBag from /opt/airflow/dags/weather_dag.py
[2026-05-31T19:08:18.821+0000] {processor.py:840} INFO - DAG(s) 'weather_pipeline' retrieved from /opt/airflow/dags/weather_dag.py
[2026-05-31T19:08:18.900+0000] {logging_mixin.py:188} INFO - [2026-05-31T19:08:18.899+0000] {dag.py:3096} INFO - Sync 1 DAGs
[2026-05-31T19:08:18.962+0000] {logging_mixin.py:188} INFO - [2026-05-31T19:08:18.961+0000] {dag.py:3954} INFO - Setting next_dagrun for weather_pipeline to 2026-05-31 19:00:00+00:00, run_after=2026-05-31 20:00:00+00:00
[2026-05-31T19:08:19.021+0000] {processor.py:183} INFO - Processing /opt/airflow/dags/weather_dag.py took 0.665 seconds
[2026-05-31T19:08:49.471+0000] {processor.py:161} INFO - Started process (PID=453) to work on /opt/airflow/dags/weather_dag.py
[2026-05-31T19:08:49.478+0000] {processor.py:830} INFO - Processing file /opt/airflow/dags/weather_dag.py for tasks to queue
[2026-05-31T19:08:49.483+0000] {logging_mixin.py:188} INFO - [2026-05-31T19:08:49.482+0000] {dagbag.py:545} INFO - Filling up the DagBag from /opt/airflow/dags/weather_dag.py
[2026-05-31T19:08:50.381+0000] {processor.py:840} INFO - DAG(s) 'weather_pipeline' retrieved from /opt/airflow/dags/weather_dag.py
[2026-05-31T19:08:50.460+0000] {logging_mixin.py:188} INFO - [2026-05-31T19:08:50.459+0000] {dag.py:3096} INFO - Sync 1 DAGs
[2026-05-31T19:08:50.547+0000] {logging_mixin.py:188} INFO - [2026-05-31T19:08:50.547+0000] {dag.py:3954} INFO - Setting next_dagrun for weather_pipeline to 2026-05-31 19:00:00+00:00, run_after=2026-05-31 20:00:00+00:00
[2026-05-31T19:08:50.618+0000] {processor.py:183} INFO - Processing /opt/airflow/dags/weather_dag.py took 1.169 seconds
[2026-05-31T19:09:20.920+0000] {processor.py:161} INFO - Started process (PID=461) to work on /opt/airflow/dags/weather_dag.py
[2026-05-31T19:09:20.922+0000] {processor.py:830} INFO - Processing file /opt/airflow/dags/weather_dag.py for tasks to queue
[2026-05-31T19:09:20.925+0000] {logging_mixin.py:188} INFO - [2026-05-31T19:09:20.925+0000] {dagbag.py:545} INFO - Filling up the DagBag from /opt/airflow/dags/weather_dag.py
[2026-05-31T19:09:21.339+0000] {processor.py:840} INFO - DAG(s) 'weather_pipeline' retrieved from /opt/airflow/dags/weather_dag.py
[2026-05-31T19:09:21.397+0000] {logging_mixin.py:188} INFO - [2026-05-31T19:09:21.395+0000] {dag.py:3096} INFO - Sync 1 DAGs
[2026-05-31T19:09:21.451+0000] {logging_mixin.py:188} INFO - [2026-05-31T19:09:21.451+0000] {dag.py:3954} INFO - Setting next_dagrun for weather_pipeline to 2026-05-31 19:00:00+00:00, run_after=2026-05-31 20:00:00+00:00
[2026-05-31T19:09:21.499+0000] {processor.py:183} INFO - Processing /opt/airflow/dags/weather_dag.py took 0.592 seconds
[2026-05-31T19:09:51.986+0000] {processor.py:161} INFO - Started process (PID=469) to work on /opt/airflow/dags/weather_dag.py
[2026-05-31T19:09:51.991+0000] {processor.py:830} INFO - Processing file /opt/airflow/dags/weather_dag.py for tasks to queue
[2026-05-31T19:09:51.998+0000] {logging_mixin.py:188} INFO - [2026-05-31T19:09:51.998+0000] {dagbag.py:545} INFO - Filling up the DagBag from /opt/airflow/dags/weather_dag.py
[2026-05-31T19:09:52.650+0000] {processor.py:840} INFO - DAG(s) 'weather_pipeline' retrieved from /opt/airflow/dags/weather_dag.py
[2026-05-31T19:09:52.739+0000] {logging_mixin.py:188} INFO - [2026-05-31T19:09:52.738+0000] {dag.py:3096} INFO - Sync 1 DAGs
[2026-05-31T19:09:52.837+0000] {logging_mixin.py:188} INFO - [2026-05-31T19:09:52.836+0000] {dag.py:3954} INFO - Setting next_dagrun for weather_pipeline to 2026-05-31 19:00:00+00:00, run_after=2026-05-31 20:00:00+00:00
[2026-05-31T19:09:52.933+0000] {processor.py:183} INFO - Processing /opt/airflow/dags/weather_dag.py took 0.966 seconds
[2026-05-31T19:10:23.362+0000] {processor.py:161} INFO - Started process (PID=478) to work on /opt/airflow/dags/weather_dag.py
[2026-05-31T19:10:23.364+0000] {processor.py:830} INFO - Processing file /opt/airflow/dags/weather_dag.py for tasks to queue
[2026-05-31T19:10:23.370+0000] {logging_mixin.py:188} INFO - [2026-05-31T19:10:23.370+0000] {dagbag.py:545} INFO - Filling up the DagBag from /opt/airflow/dags/weather_dag.py
[2026-05-31T19:10:23.799+0000] {processor.py:840} INFO - DAG(s) 'weather_pipeline' retrieved from /opt/airflow/dags/weather_dag.py
[2026-05-31T19:10:23.860+0000] {logging_mixin.py:188} INFO - [2026-05-31T19:10:23.857+0000] {dag.py:3096} INFO - Sync 1 DAGs
[2026-05-31T19:10:23.915+0000] {logging_mixin.py:188} INFO - [2026-05-31T19:10:23.915+0000] {dag.py:3954} INFO - Setting next_dagrun for weather_pipeline to 2026-05-31 19:00:00+00:00, run_after=2026-05-31 20:00:00+00:00
[2026-05-31T19:10:23.961+0000] {processor.py:183} INFO - Processing /opt/airflow/dags/weather_dag.py took 0.610 seconds
[2026-05-31T19:10:54.405+0000] {processor.py:161} INFO - Started process (PID=486) to work on /opt/airflow/dags/weather_dag.py
[2026-05-31T19:10:54.413+0000] {processor.py:830} INFO - Processing file /opt/airflow/dags/weather_dag.py for tasks to queue
[2026-05-31T19:10:54.420+0000] {logging_mixin.py:188} INFO - [2026-05-31T19:10:54.419+0000] {dagbag.py:545} INFO - Filling up the DagBag from /opt/airflow/dags/weather_dag.py
[2026-05-31T19:10:55.062+0000] {processor.py:840} INFO - DAG(s) 'weather_pipeline' retrieved from /opt/airflow/dags/weather_dag.py
[2026-05-31T19:10:55.130+0000] {logging_mixin.py:188} INFO - [2026-05-31T19:10:55.128+0000] {dag.py:3096} INFO - Sync 1 DAGs
[2026-05-31T19:10:55.199+0000] {logging_mixin.py:188} INFO - [2026-05-31T19:10:55.199+0000] {dag.py:3954} INFO - Setting next_dagrun for weather_pipeline to 2026-05-31 19:00:00+00:00, run_after=2026-05-31 20:00:00+00:00
[2026-05-31T19:10:55.252+0000] {processor.py:183} INFO - Processing /opt/airflow/dags/weather_dag.py took 0.867 seconds
[2026-05-31T19:11:25.645+0000] {processor.py:161} INFO - Started process (PID=494) to work on /opt/airflow/dags/weather_dag.py
[2026-05-31T19:11:25.650+0000] {processor.py:830} INFO - Processing file /opt/airflow/dags/weather_dag.py for tasks to queue
[2026-05-31T19:11:25.656+0000] {logging_mixin.py:188} INFO - [2026-05-31T19:11:25.655+0000] {dagbag.py:545} INFO - Filling up the DagBag from /opt/airflow/dags/weather_dag.py
[2026-05-31T19:11:26.094+0000] {processor.py:840} INFO - DAG(s) 'weather_pipeline' retrieved from /opt/airflow/dags/weather_dag.py
[2026-05-31T19:11:26.160+0000] {logging_mixin.py:188} INFO - [2026-05-31T19:11:26.158+0000] {dag.py:3096} INFO - Sync 1 DAGs
[2026-05-31T19:11:26.220+0000] {logging_mixin.py:188} INFO - [2026-05-31T19:11:26.219+0000] {dag.py:3954} INFO - Setting next_dagrun for weather_pipeline to 2026-05-31 19:00:00+00:00, run_after=2026-05-31 20:00:00+00:00
[2026-05-31T19:11:26.287+0000] {processor.py:183} INFO - Processing /opt/airflow/dags/weather_dag.py took 0.658 seconds
[2026-05-31T19:11:56.702+0000] {processor.py:161} INFO - Started process (PID=502) to work on /opt/airflow/dags/weather_dag.py
[2026-05-31T19:11:56.706+0000] {processor.py:830} INFO - Processing file /opt/airflow/dags/weather_dag.py for tasks to queue
[2026-05-31T19:11:56.723+0000] {logging_mixin.py:188} INFO - [2026-05-31T19:11:56.722+0000] {dagbag.py:545} INFO - Filling up the DagBag from /opt/airflow/dags/weather_dag.py
[2026-05-31T19:11:57.546+0000] {processor.py:840} INFO - DAG(s) 'weather_pipeline' retrieved from /opt/airflow/dags/weather_dag.py
[2026-05-31T19:11:57.629+0000] {logging_mixin.py:188} INFO - [2026-05-31T19:11:57.628+0000] {dag.py:3096} INFO - Sync 1 DAGs
[2026-05-31T19:11:57.709+0000] {logging_mixin.py:188} INFO - [2026-05-31T19:11:57.708+0000] {dag.py:3954} INFO - Setting next_dagrun for weather_pipeline to 2026-05-31 19:00:00+00:00, run_after=2026-05-31 20:00:00+00:00
[2026-05-31T19:11:57.779+0000] {processor.py:183} INFO - Processing /opt/airflow/dags/weather_dag.py took 1.100 seconds
[2026-05-31T19:12:28.068+0000] {processor.py:161} INFO - Started process (PID=510) to work on /opt/airflow/dags/weather_dag.py
[2026-05-31T19:12:28.072+0000] {processor.py:830} INFO - Processing file /opt/airflow/dags/weather_dag.py for tasks to queue
[2026-05-31T19:12:28.077+0000] {logging_mixin.py:188} INFO - [2026-05-31T19:12:28.076+0000] {dagbag.py:545} INFO - Filling up the DagBag from /opt/airflow/dags/weather_dag.py
[2026-05-31T19:12:28.598+0000] {processor.py:840} INFO - DAG(s) 'weather_pipeline' retrieved from /opt/airflow/dags/weather_dag.py
[2026-05-31T19:12:28.673+0000] {logging_mixin.py:188} INFO - [2026-05-31T19:12:28.673+0000] {dag.py:3096} INFO - Sync 1 DAGs
[2026-05-31T19:12:28.725+0000] {logging_mixin.py:188} INFO - [2026-05-31T19:12:28.725+0000] {dag.py:3954} INFO - Setting next_dagrun for weather_pipeline to 2026-05-31 19:00:00+00:00, run_after=2026-05-31 20:00:00+00:00
[2026-05-31T19:12:28.782+0000] {processor.py:183} INFO - Processing /opt/airflow/dags/weather_dag.py took 0.731 seconds
[2026-05-31T19:12:59.437+0000] {processor.py:161} INFO - Started process (PID=518) to work on /opt/airflow/dags/weather_dag.py
[2026-05-31T19:12:59.439+0000] {processor.py:830} INFO - Processing file /opt/airflow/dags/weather_dag.py for tasks to queue
[2026-05-31T19:12:59.453+0000] {logging_mixin.py:188} INFO - [2026-05-31T19:12:59.452+0000] {dagbag.py:545} INFO - Filling up the DagBag from /opt/airflow/dags/weather_dag.py
[2026-05-31T19:13:00.240+0000] {processor.py:840} INFO - DAG(s) 'weather_pipeline' retrieved from /opt/airflow/dags/weather_dag.py
[2026-05-31T19:13:00.379+0000] {logging_mixin.py:188} INFO - [2026-05-31T19:13:00.378+0000] {dag.py:3096} INFO - Sync 1 DAGs
[2026-05-31T19:13:00.467+0000] {logging_mixin.py:188} INFO - [2026-05-31T19:13:00.467+0000] {dag.py:3954} INFO - Setting next_dagrun for weather_pipeline to 2026-05-31 19:00:00+00:00, run_after=2026-05-31 20:00:00+00:00
[2026-05-31T19:13:00.565+0000] {processor.py:183} INFO - Processing /opt/airflow/dags/weather_dag.py took 1.148 seconds
[2026-05-31T19:13:31.456+0000] {processor.py:161} INFO - Started process (PID=526) to work on /opt/airflow/dags/weather_dag.py
[2026-05-31T19:13:31.459+0000] {processor.py:830} INFO - Processing file /opt/airflow/dags/weather_dag.py for tasks to queue
[2026-05-31T19:13:31.474+0000] {logging_mixin.py:188} INFO - [2026-05-31T19:13:31.473+0000] {dagbag.py:545} INFO - Filling up the DagBag from /opt/airflow/dags/weather_dag.py
[2026-05-31T19:13:32.138+0000] {processor.py:840} INFO - DAG(s) 'weather_pipeline' retrieved from /opt/airflow/dags/weather_dag.py
[2026-05-31T19:13:32.226+0000] {logging_mixin.py:188} INFO - [2026-05-31T19:13:32.225+0000] {dag.py:3096} INFO - Sync 1 DAGs
[2026-05-31T19:13:32.315+0000] {logging_mixin.py:188} INFO - [2026-05-31T19:13:32.315+0000] {dag.py:3954} INFO - Setting next_dagrun for weather_pipeline to 2026-05-31 19:00:00+00:00, run_after=2026-05-31 20:00:00+00:00
[2026-05-31T19:13:32.379+0000] {processor.py:183} INFO - Processing /opt/airflow/dags/weather_dag.py took 0.941 seconds
[2026-05-31T19:14:02.968+0000] {processor.py:161} INFO - Started process (PID=535) to work on /opt/airflow/dags/weather_dag.py
[2026-05-31T19:14:02.988+0000] {processor.py:830} INFO - Processing file /opt/airflow/dags/weather_dag.py for tasks to queue
[2026-05-31T19:14:02.995+0000] {logging_mixin.py:188} INFO - [2026-05-31T19:14:02.994+0000] {dagbag.py:545} INFO - Filling up the DagBag from /opt/airflow/dags/weather_dag.py
[2026-05-31T19:14:03.728+0000] {processor.py:840} INFO - DAG(s) 'weather_pipeline' retrieved from /opt/airflow/dags/weather_dag.py
[2026-05-31T19:14:03.787+0000] {logging_mixin.py:188} INFO - [2026-05-31T19:14:03.787+0000] {dag.py:3096} INFO - Sync 1 DAGs
[2026-05-31T19:14:03.832+0000] {logging_mixin.py:188} INFO - [2026-05-31T19:14:03.831+0000] {dag.py:3954} INFO - Setting next_dagrun for weather_pipeline to 2026-05-31 19:00:00+00:00, run_after=2026-05-31 20:00:00+00:00
[2026-05-31T19:14:03.888+0000] {processor.py:183} INFO - Processing /opt/airflow/dags/weather_dag.py took 0.938 seconds
[2026-05-31T19:14:34.376+0000] {processor.py:161} INFO - Started process (PID=543) to work on /opt/airflow/dags/weather_dag.py
[2026-05-31T19:14:34.379+0000] {processor.py:830} INFO - Processing file /opt/airflow/dags/weather_dag.py for tasks to queue
[2026-05-31T19:14:34.384+0000] {logging_mixin.py:188} INFO - [2026-05-31T19:14:34.383+0000] {dagbag.py:545} INFO - Filling up the DagBag from /opt/airflow/dags/weather_dag.py
[2026-05-31T19:14:34.966+0000] {processor.py:840} INFO - DAG(s) 'weather_pipeline' retrieved from /opt/airflow/dags/weather_dag.py
[2026-05-31T19:14:35.089+0000] {logging_mixin.py:188} INFO - [2026-05-31T19:14:35.087+0000] {dag.py:3096} INFO - Sync 1 DAGs
[2026-05-31T19:14:35.162+0000] {logging_mixin.py:188} INFO - [2026-05-31T19:14:35.161+0000] {dag.py:3954} INFO - Setting next_dagrun for weather_pipeline to 2026-05-31 19:00:00+00:00, run_after=2026-05-31 20:00:00+00:00
[2026-05-31T19:14:35.227+0000] {processor.py:183} INFO - Processing /opt/airflow/dags/weather_dag.py took 0.866 seconds
[2026-05-31T19:15:05.722+0000] {processor.py:161} INFO - Started process (PID=551) to work on /opt/airflow/dags/weather_dag.py
[2026-05-31T19:15:05.724+0000] {processor.py:830} INFO - Processing file /opt/airflow/dags/weather_dag.py for tasks to queue
[2026-05-31T19:15:05.728+0000] {logging_mixin.py:188} INFO - [2026-05-31T19:15:05.727+0000] {dagbag.py:545} INFO - Filling up the DagBag from /opt/airflow/dags/weather_dag.py
[2026-05-31T19:15:06.177+0000] {processor.py:840} INFO - DAG(s) 'weather_pipeline' retrieved from /opt/airflow/dags/weather_dag.py
[2026-05-31T19:15:06.249+0000] {logging_mixin.py:188} INFO - [2026-05-31T19:15:06.243+0000] {dag.py:3096} INFO - Sync 1 DAGs
[2026-05-31T19:15:06.304+0000] {logging_mixin.py:188} INFO - [2026-05-31T19:15:06.303+0000] {dag.py:3954} INFO - Setting next_dagrun for weather_pipeline to 2026-05-31 19:00:00+00:00, run_after=2026-05-31 20:00:00+00:00
[2026-05-31T19:15:06.349+0000] {processor.py:183} INFO - Processing /opt/airflow/dags/weather_dag.py took 0.639 seconds
[2026-05-31T19:15:36.740+0000] {processor.py:161} INFO - Started process (PID=559) to work on /opt/airflow/dags/weather_dag.py
[2026-05-31T19:15:36.742+0000] {processor.py:830} INFO - Processing file /opt/airflow/dags/weather_dag.py for tasks to queue
[2026-05-31T19:15:36.747+0000] {logging_mixin.py:188} INFO - [2026-05-31T19:15:36.746+0000] {dagbag.py:545} INFO - Filling up the DagBag from /opt/airflow/dags/weather_dag.py
[2026-05-31T19:15:37.192+0000] {processor.py:840} INFO - DAG(s) 'weather_pipeline' retrieved from /opt/airflow/dags/weather_dag.py
[2026-05-31T19:15:37.250+0000] {logging_mixin.py:188} INFO - [2026-05-31T19:15:37.248+0000] {dag.py:3096} INFO - Sync 1 DAGs
[2026-05-31T19:15:37.304+0000] {logging_mixin.py:188} INFO - [2026-05-31T19:15:37.304+0000] {dag.py:3954} INFO - Setting next_dagrun for weather_pipeline to 2026-05-31 19:00:00+00:00, run_after=2026-05-31 20:00:00+00:00
[2026-05-31T19:15:37.351+0000] {processor.py:183} INFO - Processing /opt/airflow/dags/weather_dag.py took 0.629 seconds
[2026-05-31T19:16:07.687+0000] {processor.py:161} INFO - Started process (PID=567) to work on /opt/airflow/dags/weather_dag.py
[2026-05-31T19:16:07.690+0000] {processor.py:830} INFO - Processing file /opt/airflow/dags/weather_dag.py for tasks to queue
[2026-05-31T19:16:07.694+0000] {logging_mixin.py:188} INFO - [2026-05-31T19:16:07.694+0000] {dagbag.py:545} INFO - Filling up the DagBag from /opt/airflow/dags/weather_dag.py
[2026-05-31T19:16:08.163+0000] {processor.py:840} INFO - DAG(s) 'weather_pipeline' retrieved from /opt/airflow/dags/weather_dag.py
[2026-05-31T19:16:08.219+0000] {logging_mixin.py:188} INFO - [2026-05-31T19:16:08.218+0000] {dag.py:3096} INFO - Sync 1 DAGs
[2026-05-31T19:16:08.274+0000] {logging_mixin.py:188} INFO - [2026-05-31T19:16:08.274+0000] {dag.py:3954} INFO - Setting next_dagrun for weather_pipeline to 2026-05-31 19:00:00+00:00, run_after=2026-05-31 20:00:00+00:00
[2026-05-31T19:16:08.324+0000] {processor.py:183} INFO - Processing /opt/airflow/dags/weather_dag.py took 0.652 seconds
[2026-05-31T19:16:38.787+0000] {processor.py:161} INFO - Started process (PID=575) to work on /opt/airflow/dags/weather_dag.py
[2026-05-31T19:16:38.789+0000] {processor.py:830} INFO - Processing file /opt/airflow/dags/weather_dag.py for tasks to queue
[2026-05-31T19:16:38.794+0000] {logging_mixin.py:188} INFO - [2026-05-31T19:16:38.793+0000] {dagbag.py:545} INFO - Filling up the DagBag from /opt/airflow/dags/weather_dag.py
[2026-05-31T19:16:39.371+0000] {processor.py:840} INFO - DAG(s) 'weather_pipeline' retrieved from /opt/airflow/dags/weather_dag.py
[2026-05-31T19:16:39.439+0000] {logging_mixin.py:188} INFO - [2026-05-31T19:16:39.436+0000] {dag.py:3096} INFO - Sync 1 DAGs
[2026-05-31T19:16:39.492+0000] {logging_mixin.py:188} INFO - [2026-05-31T19:16:39.492+0000] {dag.py:3954} INFO - Setting next_dagrun for weather_pipeline to 2026-05-31 19:00:00+00:00, run_after=2026-05-31 20:00:00+00:00
[2026-05-31T19:16:39.550+0000] {processor.py:183} INFO - Processing /opt/airflow/dags/weather_dag.py took 0.781 seconds
[2026-05-31T19:17:09.971+0000] {processor.py:161} INFO - Started process (PID=583) to work on /opt/airflow/dags/weather_dag.py
[2026-05-31T19:17:09.973+0000] {processor.py:830} INFO - Processing file /opt/airflow/dags/weather_dag.py for tasks to queue
[2026-05-31T19:17:09.977+0000] {logging_mixin.py:188} INFO - [2026-05-31T19:17:09.976+0000] {dagbag.py:545} INFO - Filling up the DagBag from /opt/airflow/dags/weather_dag.py
[2026-05-31T19:17:10.612+0000] {processor.py:840} INFO - DAG(s) 'weather_pipeline' retrieved from /opt/airflow/dags/weather_dag.py
[2026-05-31T19:17:10.666+0000] {logging_mixin.py:188} INFO - [2026-05-31T19:17:10.665+0000] {dag.py:3096} INFO - Sync 1 DAGs
[2026-05-31T19:17:10.713+0000] {logging_mixin.py:188} INFO - [2026-05-31T19:17:10.713+0000] {dag.py:3954} INFO - Setting next_dagrun for weather_pipeline to 2026-05-31 19:00:00+00:00, run_after=2026-05-31 20:00:00+00:00
[2026-05-31T19:17:10.764+0000] {processor.py:183} INFO - Processing /opt/airflow/dags/weather_dag.py took 0.810 seconds
[2026-05-31T19:17:41.205+0000] {processor.py:161} INFO - Started process (PID=591) to work on /opt/airflow/dags/weather_dag.py
[2026-05-31T19:17:41.208+0000] {processor.py:830} INFO - Processing file /opt/airflow/dags/weather_dag.py for tasks to queue
[2026-05-31T19:17:41.213+0000] {logging_mixin.py:188} INFO - [2026-05-31T19:17:41.212+0000] {dagbag.py:545} INFO - Filling up the DagBag from /opt/airflow/dags/weather_dag.py
[2026-05-31T19:17:41.648+0000] {processor.py:840} INFO - DAG(s) 'weather_pipeline' retrieved from /opt/airflow/dags/weather_dag.py
[2026-05-31T19:17:41.710+0000] {logging_mixin.py:188} INFO - [2026-05-31T19:17:41.708+0000] {dag.py:3096} INFO - Sync 1 DAGs
[2026-05-31T19:17:41.790+0000] {logging_mixin.py:188} INFO - [2026-05-31T19:17:41.790+0000] {dag.py:3954} INFO - Setting next_dagrun for weather_pipeline to 2026-05-31 19:00:00+00:00, run_after=2026-05-31 20:00:00+00:00
[2026-05-31T19:17:41.855+0000] {processor.py:183} INFO - Processing /opt/airflow/dags/weather_dag.py took 0.669 seconds
[2026-05-31T19:18:12.218+0000] {processor.py:161} INFO - Started process (PID=599) to work on /opt/airflow/dags/weather_dag.py
[2026-05-31T19:18:12.220+0000] {processor.py:830} INFO - Processing file /opt/airflow/dags/weather_dag.py for tasks to queue
[2026-05-31T19:18:12.226+0000] {logging_mixin.py:188} INFO - [2026-05-31T19:18:12.225+0000] {dagbag.py:545} INFO - Filling up the DagBag from /opt/airflow/dags/weather_dag.py
[2026-05-31T19:18:12.747+0000] {processor.py:840} INFO - DAG(s) 'weather_pipeline' retrieved from /opt/airflow/dags/weather_dag.py
[2026-05-31T19:18:12.821+0000] {logging_mixin.py:188} INFO - [2026-05-31T19:18:12.817+0000] {dag.py:3096} INFO - Sync 1 DAGs
[2026-05-31T19:18:12.889+0000] {logging_mixin.py:188} INFO - [2026-05-31T19:18:12.888+0000] {dag.py:3954} INFO - Setting next_dagrun for weather_pipeline to 2026-05-31 19:00:00+00:00, run_after=2026-05-31 20:00:00+00:00
[2026-05-31T19:18:12.953+0000] {processor.py:183} INFO - Processing /opt/airflow/dags/weather_dag.py took 0.754 seconds
[2026-05-31T19:18:43.369+0000] {processor.py:161} INFO - Started process (PID=607) to work on /opt/airflow/dags/weather_dag.py
[2026-05-31T19:18:43.371+0000] {processor.py:830} INFO - Processing file /opt/airflow/dags/weather_dag.py for tasks to queue
[2026-05-31T19:18:43.376+0000] {logging_mixin.py:188} INFO - [2026-05-31T19:18:43.375+0000] {dagbag.py:545} INFO - Filling up the DagBag from /opt/airflow/dags/weather_dag.py
[2026-05-31T19:18:43.762+0000] {processor.py:840} INFO - DAG(s) 'weather_pipeline' retrieved from /opt/airflow/dags/weather_dag.py
[2026-05-31T19:18:43.832+0000] {logging_mixin.py:188} INFO - [2026-05-31T19:18:43.831+0000] {dag.py:3096} INFO - Sync 1 DAGs
[2026-05-31T19:18:43.883+0000] {logging_mixin.py:188} INFO - [2026-05-31T19:18:43.883+0000] {dag.py:3954} INFO - Setting next_dagrun for weather_pipeline to 2026-05-31 19:00:00+00:00, run_after=2026-05-31 20:00:00+00:00
[2026-05-31T19:18:43.930+0000] {processor.py:183} INFO - Processing /opt/airflow/dags/weather_dag.py took 0.576 seconds
[2026-05-31T19:19:14.393+0000] {processor.py:161} INFO - Started process (PID=622) to work on /opt/airflow/dags/weather_dag.py
[2026-05-31T19:19:14.395+0000] {processor.py:830} INFO - Processing file /opt/airflow/dags/weather_dag.py for tasks to queue
[2026-05-31T19:19:14.404+0000] {logging_mixin.py:188} INFO - [2026-05-31T19:19:14.403+0000] {dagbag.py:545} INFO - Filling up the DagBag from /opt/airflow/dags/weather_dag.py
[2026-05-31T19:19:15.185+0000] {processor.py:840} INFO - DAG(s) 'weather_pipeline' retrieved from /opt/airflow/dags/weather_dag.py
[2026-05-31T19:19:15.608+0000] {logging_mixin.py:188} INFO - [2026-05-31T19:19:15.606+0000] {dag.py:3096} INFO - Sync 1 DAGs
[2026-05-31T19:19:15.703+0000] {logging_mixin.py:188} INFO - [2026-05-31T19:19:15.702+0000] {dag.py:3954} INFO - Setting next_dagrun for weather_pipeline to 2026-05-31 19:00:00+00:00, run_after=2026-05-31 20:00:00+00:00
[2026-05-31T19:19:15.757+0000] {processor.py:183} INFO - Processing /opt/airflow/dags/weather_dag.py took 1.386 seconds
[2026-05-31T19:19:46.216+0000] {processor.py:161} INFO - Started process (PID=630) to work on /opt/airflow/dags/weather_dag.py
[2026-05-31T19:19:46.224+0000] {processor.py:830} INFO - Processing file /opt/airflow/dags/weather_dag.py for tasks to queue
[2026-05-31T19:19:46.229+0000] {logging_mixin.py:188} INFO - [2026-05-31T19:19:46.228+0000] {dagbag.py:545} INFO - Filling up the DagBag from /opt/airflow/dags/weather_dag.py
[2026-05-31T19:19:46.602+0000] {processor.py:840} INFO - DAG(s) 'weather_pipeline' retrieved from /opt/airflow/dags/weather_dag.py
[2026-05-31T19:19:46.656+0000] {logging_mixin.py:188} INFO - [2026-05-31T19:19:46.655+0000] {dag.py:3096} INFO - Sync 1 DAGs
[2026-05-31T19:19:46.705+0000] {logging_mixin.py:188} INFO - [2026-05-31T19:19:46.705+0000] {dag.py:3954} INFO - Setting next_dagrun for weather_pipeline to 2026-05-31 19:00:00+00:00, run_after=2026-05-31 20:00:00+00:00
[2026-05-31T19:19:46.756+0000] {processor.py:183} INFO - Processing /opt/airflow/dags/weather_dag.py took 0.561 seconds
[2026-05-31T19:20:17.174+0000] {processor.py:161} INFO - Started process (PID=638) to work on /opt/airflow/dags/weather_dag.py
[2026-05-31T19:20:17.180+0000] {processor.py:830} INFO - Processing file /opt/airflow/dags/weather_dag.py for tasks to queue
[2026-05-31T19:20:17.186+0000] {logging_mixin.py:188} INFO - [2026-05-31T19:20:17.185+0000] {dagbag.py:545} INFO - Filling up the DagBag from /opt/airflow/dags/weather_dag.py
[2026-05-31T19:20:17.615+0000] {processor.py:840} INFO - DAG(s) 'weather_pipeline' retrieved from /opt/airflow/dags/weather_dag.py
[2026-05-31T19:20:17.669+0000] {logging_mixin.py:188} INFO - [2026-05-31T19:20:17.668+0000] {dag.py:3096} INFO - Sync 1 DAGs
[2026-05-31T19:20:17.720+0000] {logging_mixin.py:188} INFO - [2026-05-31T19:20:17.720+0000] {dag.py:3954} INFO - Setting next_dagrun for weather_pipeline to 2026-05-31 19:00:00+00:00, run_after=2026-05-31 20:00:00+00:00
[2026-05-31T19:20:17.766+0000] {processor.py:183} INFO - Processing /opt/airflow/dags/weather_dag.py took 0.605 seconds
[2026-05-31T19:20:48.140+0000] {processor.py:161} INFO - Started process (PID=647) to work on /opt/airflow/dags/weather_dag.py
[2026-05-31T19:20:48.144+0000] {processor.py:830} INFO - Processing file /opt/airflow/dags/weather_dag.py for tasks to queue
[2026-05-31T19:20:48.149+0000] {logging_mixin.py:188} INFO - [2026-05-31T19:20:48.148+0000] {dagbag.py:545} INFO - Filling up the DagBag from /opt/airflow/dags/weather_dag.py
[2026-05-31T19:20:48.519+0000] {processor.py:840} INFO - DAG(s) 'weather_pipeline' retrieved from /opt/airflow/dags/weather_dag.py
[2026-05-31T19:20:48.573+0000] {logging_mixin.py:188} INFO - [2026-05-31T19:20:48.571+0000] {dag.py:3096} INFO - Sync 1 DAGs
[2026-05-31T19:20:48.618+0000] {logging_mixin.py:188} INFO - [2026-05-31T19:20:48.618+0000] {dag.py:3954} INFO - Setting next_dagrun for weather_pipeline to 2026-05-31 19:00:00+00:00, run_after=2026-05-31 20:00:00+00:00
[2026-05-31T19:20:48.660+0000] {processor.py:183} INFO - Processing /opt/airflow/dags/weather_dag.py took 0.533 seconds
[2026-05-31T19:21:18.795+0000] {processor.py:161} INFO - Started process (PID=655) to work on /opt/airflow/dags/weather_dag.py
[2026-05-31T19:21:18.798+0000] {processor.py:830} INFO - Processing file /opt/airflow/dags/weather_dag.py for tasks to queue
[2026-05-31T19:21:18.802+0000] {logging_mixin.py:188} INFO - [2026-05-31T19:21:18.801+0000] {dagbag.py:545} INFO - Filling up the DagBag from /opt/airflow/dags/weather_dag.py
[2026-05-31T19:21:19.123+0000] {processor.py:840} INFO - DAG(s) 'weather_pipeline' retrieved from /opt/airflow/dags/weather_dag.py
[2026-05-31T19:21:19.179+0000] {logging_mixin.py:188} INFO - [2026-05-31T19:21:19.175+0000] {dag.py:3096} INFO - Sync 1 DAGs
[2026-05-31T19:21:19.235+0000] {logging_mixin.py:188} INFO - [2026-05-31T19:21:19.235+0000] {dag.py:3954} INFO - Setting next_dagrun for weather_pipeline to 2026-05-31 19:00:00+00:00, run_after=2026-05-31 20:00:00+00:00
[2026-05-31T19:21:19.273+0000] {processor.py:183} INFO - Processing /opt/airflow/dags/weather_dag.py took 0.490 seconds
[2026-05-31T19:21:49.665+0000] {processor.py:161} INFO - Started process (PID=663) to work on /opt/airflow/dags/weather_dag.py
[2026-05-31T19:21:49.667+0000] {processor.py:830} INFO - Processing file /opt/airflow/dags/weather_dag.py for tasks to queue
[2026-05-31T19:21:49.671+0000] {logging_mixin.py:188} INFO - [2026-05-31T19:21:49.670+0000] {dagbag.py:545} INFO - Filling up the DagBag from /opt/airflow/dags/weather_dag.py
[2026-05-31T19:21:50.038+0000] {processor.py:840} INFO - DAG(s) 'weather_pipeline' retrieved from /opt/airflow/dags/weather_dag.py
[2026-05-31T19:21:50.114+0000] {logging_mixin.py:188} INFO - [2026-05-31T19:21:50.113+0000] {dag.py:3096} INFO - Sync 1 DAGs
[2026-05-31T19:21:50.184+0000] {logging_mixin.py:188} INFO - [2026-05-31T19:21:50.184+0000] {dag.py:3954} INFO - Setting next_dagrun for weather_pipeline to 2026-05-31 19:00:00+00:00, run_after=2026-05-31 20:00:00+00:00
[2026-05-31T19:21:50.242+0000] {processor.py:183} INFO - Processing /opt/airflow/dags/weather_dag.py took 0.594 seconds
[2026-05-31T19:22:20.591+0000] {processor.py:161} INFO - Started process (PID=671) to work on /opt/airflow/dags/weather_dag.py
[2026-05-31T19:22:20.597+0000] {processor.py:830} INFO - Processing file /opt/airflow/dags/weather_dag.py for tasks to queue
[2026-05-31T19:22:20.607+0000] {logging_mixin.py:188} INFO - [2026-05-31T19:22:20.606+0000] {dagbag.py:545} INFO - Filling up the DagBag from /opt/airflow/dags/weather_dag.py
[2026-05-31T19:22:20.969+0000] {processor.py:840} INFO - DAG(s) 'weather_pipeline' retrieved from /opt/airflow/dags/weather_dag.py
[2026-05-31T19:22:21.027+0000] {logging_mixin.py:188} INFO - [2026-05-31T19:22:21.026+0000] {dag.py:3096} INFO - Sync 1 DAGs
[2026-05-31T19:22:21.084+0000] {logging_mixin.py:188} INFO - [2026-05-31T19:22:21.084+0000] {dag.py:3954} INFO - Setting next_dagrun for weather_pipeline to 2026-05-31 19:00:00+00:00, run_after=2026-05-31 20:00:00+00:00
[2026-05-31T19:22:21.149+0000] {processor.py:183} INFO - Processing /opt/airflow/dags/weather_dag.py took 0.578 seconds
[2026-05-31T19:22:51.559+0000] {processor.py:161} INFO - Started process (PID=679) to work on /opt/airflow/dags/weather_dag.py
[2026-05-31T19:22:51.560+0000] {processor.py:830} INFO - Processing file /opt/airflow/dags/weather_dag.py for tasks to queue
[2026-05-31T19:22:51.566+0000] {logging_mixin.py:188} INFO - [2026-05-31T19:22:51.564+0000] {dagbag.py:545} INFO - Filling up the DagBag from /opt/airflow/dags/weather_dag.py
[2026-05-31T19:22:51.927+0000] {processor.py:840} INFO - DAG(s) 'weather_pipeline' retrieved from /opt/airflow/dags/weather_dag.py
[2026-05-31T19:22:51.976+0000] {logging_mixin.py:188} INFO - [2026-05-31T19:22:51.975+0000] {dag.py:3096} INFO - Sync 1 DAGs
[2026-05-31T19:22:52.023+0000] {logging_mixin.py:188} INFO - [2026-05-31T19:22:52.022+0000] {dag.py:3954} INFO - Setting next_dagrun for weather_pipeline to 2026-05-31 19:00:00+00:00, run_after=2026-05-31 20:00:00+00:00
[2026-05-31T19:22:52.069+0000] {processor.py:183} INFO - Processing /opt/airflow/dags/weather_dag.py took 0.522 seconds
[2026-05-31T19:23:22.386+0000] {processor.py:161} INFO - Started process (PID=687) to work on /opt/airflow/dags/weather_dag.py
[2026-05-31T19:23:22.388+0000] {processor.py:830} INFO - Processing file /opt/airflow/dags/weather_dag.py for tasks to queue
[2026-05-31T19:23:22.395+0000] {logging_mixin.py:188} INFO - [2026-05-31T19:23:22.394+0000] {dagbag.py:545} INFO - Filling up the DagBag from /opt/airflow/dags/weather_dag.py
[2026-05-31T19:23:22.869+0000] {processor.py:840} INFO - DAG(s) 'weather_pipeline' retrieved from /opt/airflow/dags/weather_dag.py
[2026-05-31T19:23:22.921+0000] {logging_mixin.py:188} INFO - [2026-05-31T19:23:22.920+0000] {dag.py:3096} INFO - Sync 1 DAGs
[2026-05-31T19:23:22.976+0000] {logging_mixin.py:188} INFO - [2026-05-31T19:23:22.976+0000] {dag.py:3954} INFO - Setting next_dagrun for weather_pipeline to 2026-05-31 19:00:00+00:00, run_after=2026-05-31 20:00:00+00:00
[2026-05-31T19:23:23.026+0000] {processor.py:183} INFO - Processing /opt/airflow/dags/weather_dag.py took 0.656 seconds
[2026-05-31T19:23:53.354+0000] {processor.py:161} INFO - Started process (PID=695) to work on /opt/airflow/dags/weather_dag.py
[2026-05-31T19:23:53.356+0000] {processor.py:830} INFO - Processing file /opt/airflow/dags/weather_dag.py for tasks to queue
[2026-05-31T19:23:53.362+0000] {logging_mixin.py:188} INFO - [2026-05-31T19:23:53.361+0000] {dagbag.py:545} INFO - Filling up the DagBag from /opt/airflow/dags/weather_dag.py
[2026-05-31T19:23:53.759+0000] {processor.py:840} INFO - DAG(s) 'weather_pipeline' retrieved from /opt/airflow/dags/weather_dag.py
[2026-05-31T19:23:53.826+0000] {logging_mixin.py:188} INFO - [2026-05-31T19:23:53.822+0000] {dag.py:3096} INFO - Sync 1 DAGs
[2026-05-31T19:23:53.913+0000] {logging_mixin.py:188} INFO - [2026-05-31T19:23:53.913+0000] {dag.py:3954} INFO - Setting next_dagrun for weather_pipeline to 2026-05-31 19:00:00+00:00, run_after=2026-05-31 20:00:00+00:00
[2026-05-31T19:23:53.971+0000] {processor.py:183} INFO - Processing /opt/airflow/dags/weather_dag.py took 0.630 seconds
[2026-05-31T19:24:24.259+0000] {processor.py:161} INFO - Started process (PID=703) to work on /opt/airflow/dags/weather_dag.py
[2026-05-31T19:24:24.262+0000] {processor.py:830} INFO - Processing file /opt/airflow/dags/weather_dag.py for tasks to queue
[2026-05-31T19:24:24.267+0000] {logging_mixin.py:188} INFO - [2026-05-31T19:24:24.266+0000] {dagbag.py:545} INFO - Filling up the DagBag from /opt/airflow/dags/weather_dag.py
[2026-05-31T19:24:24.645+0000] {processor.py:840} INFO - DAG(s) 'weather_pipeline' retrieved from /opt/airflow/dags/weather_dag.py
[2026-05-31T19:24:24.716+0000] {logging_mixin.py:188} INFO - [2026-05-31T19:24:24.714+0000] {dag.py:3096} INFO - Sync 1 DAGs
[2026-05-31T19:24:24.783+0000] {logging_mixin.py:188} INFO - [2026-05-31T19:24:24.783+0000] {dag.py:3954} INFO - Setting next_dagrun for weather_pipeline to 2026-05-31 19:00:00+00:00, run_after=2026-05-31 20:00:00+00:00
[2026-05-31T19:24:24.823+0000] {processor.py:183} INFO - Processing /opt/airflow/dags/weather_dag.py took 0.576 seconds
[2026-05-31T19:24:55.247+0000] {processor.py:161} INFO - Started process (PID=711) to work on /opt/airflow/dags/weather_dag.py
[2026-05-31T19:24:55.254+0000] {processor.py:830} INFO - Processing file /opt/airflow/dags/weather_dag.py for tasks to queue
[2026-05-31T19:24:55.260+0000] {logging_mixin.py:188} INFO - [2026-05-31T19:24:55.259+0000] {dagbag.py:545} INFO - Filling up the DagBag from /opt/airflow/dags/weather_dag.py
[2026-05-31T19:24:55.583+0000] {processor.py:840} INFO - DAG(s) 'weather_pipeline' retrieved from /opt/airflow/dags/weather_dag.py
[2026-05-31T19:24:55.636+0000] {logging_mixin.py:188} INFO - [2026-05-31T19:24:55.635+0000] {dag.py:3096} INFO - Sync 1 DAGs
[2026-05-31T19:24:55.690+0000] {logging_mixin.py:188} INFO - [2026-05-31T19:24:55.690+0000] {dag.py:3954} INFO - Setting next_dagrun for weather_pipeline to 2026-05-31 19:00:00+00:00, run_after=2026-05-31 20:00:00+00:00
[2026-05-31T19:24:55.743+0000] {processor.py:183} INFO - Processing /opt/airflow/dags/weather_dag.py took 0.513 seconds
[2026-05-31T19:25:26.043+0000] {processor.py:161} INFO - Started process (PID=719) to work on /opt/airflow/dags/weather_dag.py
[2026-05-31T19:25:26.046+0000] {processor.py:830} INFO - Processing file /opt/airflow/dags/weather_dag.py for tasks to queue
[2026-05-31T19:25:26.051+0000] {logging_mixin.py:188} INFO - [2026-05-31T19:25:26.051+0000] {dagbag.py:545} INFO - Filling up the DagBag from /opt/airflow/dags/weather_dag.py
[2026-05-31T19:25:26.433+0000] {processor.py:840} INFO - DAG(s) 'weather_pipeline' retrieved from /opt/airflow/dags/weather_dag.py
[2026-05-31T19:25:26.490+0000] {logging_mixin.py:188} INFO - [2026-05-31T19:25:26.488+0000] {dag.py:3096} INFO - Sync 1 DAGs
[2026-05-31T19:25:26.542+0000] {logging_mixin.py:188} INFO - [2026-05-31T19:25:26.541+0000] {dag.py:3954} INFO - Setting next_dagrun for weather_pipeline to 2026-05-31 19:00:00+00:00, run_after=2026-05-31 20:00:00+00:00
[2026-05-31T19:25:26.583+0000] {processor.py:183} INFO - Processing /opt/airflow/dags/weather_dag.py took 0.553 seconds
[2026-05-31T19:25:56.817+0000] {processor.py:161} INFO - Started process (PID=727) to work on /opt/airflow/dags/weather_dag.py
[2026-05-31T19:25:56.819+0000] {processor.py:830} INFO - Processing file /opt/airflow/dags/weather_dag.py for tasks to queue
[2026-05-31T19:25:56.825+0000] {logging_mixin.py:188} INFO - [2026-05-31T19:25:56.824+0000] {dagbag.py:545} INFO - Filling up the DagBag from /opt/airflow/dags/weather_dag.py
[2026-05-31T19:25:57.228+0000] {processor.py:840} INFO - DAG(s) 'weather_pipeline' retrieved from /opt/airflow/dags/weather_dag.py
[2026-05-31T19:25:57.281+0000] {logging_mixin.py:188} INFO - [2026-05-31T19:25:57.280+0000] {dag.py:3096} INFO - Sync 1 DAGs
[2026-05-31T19:25:57.329+0000] {logging_mixin.py:188} INFO - [2026-05-31T19:25:57.329+0000] {dag.py:3954} INFO - Setting next_dagrun for weather_pipeline to 2026-05-31 19:00:00+00:00, run_after=2026-05-31 20:00:00+00:00
[2026-05-31T19:25:57.389+0000] {processor.py:183} INFO - Processing /opt/airflow/dags/weather_dag.py took 0.586 seconds
[2026-05-31T19:26:27.760+0000] {processor.py:161} INFO - Started process (PID=735) to work on /opt/airflow/dags/weather_dag.py
[2026-05-31T19:26:27.763+0000] {processor.py:830} INFO - Processing file /opt/airflow/dags/weather_dag.py for tasks to queue
[2026-05-31T19:26:27.768+0000] {logging_mixin.py:188} INFO - [2026-05-31T19:26:27.768+0000] {dagbag.py:545} INFO - Filling up the DagBag from /opt/airflow/dags/weather_dag.py
[2026-05-31T19:26:28.240+0000] {processor.py:840} INFO - DAG(s) 'weather_pipeline' retrieved from /opt/airflow/dags/weather_dag.py
[2026-05-31T19:26:28.314+0000] {logging_mixin.py:188} INFO - [2026-05-31T19:26:28.313+0000] {dag.py:3096} INFO - Sync 1 DAGs
[2026-05-31T19:26:28.362+0000] {logging_mixin.py:188} INFO - [2026-05-31T19:26:28.362+0000] {dag.py:3954} INFO - Setting next_dagrun for weather_pipeline to 2026-05-31 19:00:00+00:00, run_after=2026-05-31 20:00:00+00:00
[2026-05-31T19:26:28.408+0000] {processor.py:183} INFO - Processing /opt/airflow/dags/weather_dag.py took 0.663 seconds
[2026-05-31T19:26:58.714+0000] {processor.py:161} INFO - Started process (PID=743) to work on /opt/airflow/dags/weather_dag.py
[2026-05-31T19:26:58.716+0000] {processor.py:830} INFO - Processing file /opt/airflow/dags/weather_dag.py for tasks to queue
[2026-05-31T19:26:58.726+0000] {logging_mixin.py:188} INFO - [2026-05-31T19:26:58.724+0000] {dagbag.py:545} INFO - Filling up the DagBag from /opt/airflow/dags/weather_dag.py
[2026-05-31T19:26:59.069+0000] {processor.py:840} INFO - DAG(s) 'weather_pipeline' retrieved from /opt/airflow/dags/weather_dag.py
[2026-05-31T19:26:59.122+0000] {logging_mixin.py:188} INFO - [2026-05-31T19:26:59.121+0000] {dag.py:3096} INFO - Sync 1 DAGs
[2026-05-31T19:26:59.180+0000] {logging_mixin.py:188} INFO - [2026-05-31T19:26:59.180+0000] {dag.py:3954} INFO - Setting next_dagrun for weather_pipeline to 2026-05-31 19:00:00+00:00, run_after=2026-05-31 20:00:00+00:00
[2026-05-31T19:26:59.232+0000] {processor.py:183} INFO - Processing /opt/airflow/dags/weather_dag.py took 0.532 seconds
[2026-05-31T19:27:29.701+0000] {processor.py:161} INFO - Started process (PID=751) to work on /opt/airflow/dags/weather_dag.py
[2026-05-31T19:27:29.704+0000] {processor.py:830} INFO - Processing file /opt/airflow/dags/weather_dag.py for tasks to queue
[2026-05-31T19:27:29.709+0000] {logging_mixin.py:188} INFO - [2026-05-31T19:27:29.708+0000] {dagbag.py:545} INFO - Filling up the DagBag from /opt/airflow/dags/weather_dag.py
[2026-05-31T19:27:30.062+0000] {processor.py:840} INFO - DAG(s) 'weather_pipeline' retrieved from /opt/airflow/dags/weather_dag.py
[2026-05-31T19:27:30.122+0000] {logging_mixin.py:188} INFO - [2026-05-31T19:27:30.121+0000] {dag.py:3096} INFO - Sync 1 DAGs
[2026-05-31T19:27:30.180+0000] {logging_mixin.py:188} INFO - [2026-05-31T19:27:30.180+0000] {dag.py:3954} INFO - Setting next_dagrun for weather_pipeline to 2026-05-31 19:00:00+00:00, run_after=2026-05-31 20:00:00+00:00
[2026-05-31T19:27:30.236+0000] {processor.py:183} INFO - Processing /opt/airflow/dags/weather_dag.py took 0.548 seconds
[2026-05-31T19:28:00.489+0000] {processor.py:161} INFO - Started process (PID=763) to work on /opt/airflow/dags/weather_dag.py
[2026-05-31T19:28:00.493+0000] {processor.py:830} INFO - Processing file /opt/airflow/dags/weather_dag.py for tasks to queue
[2026-05-31T19:28:00.499+0000] {logging_mixin.py:188} INFO - [2026-05-31T19:28:00.498+0000] {dagbag.py:545} INFO - Filling up the DagBag from /opt/airflow/dags/weather_dag.py
[2026-05-31T19:28:01.170+0000] {processor.py:840} INFO - DAG(s) 'weather_pipeline' retrieved from /opt/airflow/dags/weather_dag.py
[2026-05-31T19:28:01.246+0000] {logging_mixin.py:188} INFO - [2026-05-31T19:28:01.245+0000] {dag.py:3096} INFO - Sync 1 DAGs
[2026-05-31T19:28:01.295+0000] {logging_mixin.py:188} INFO - [2026-05-31T19:28:01.295+0000] {dag.py:3954} INFO - Setting next_dagrun for weather_pipeline to 2026-05-31 19:00:00+00:00, run_after=2026-05-31 20:00:00+00:00
[2026-05-31T19:28:01.344+0000] {processor.py:183} INFO - Processing /opt/airflow/dags/weather_dag.py took 0.875 seconds
[2026-05-31T19:28:31.899+0000] {processor.py:161} INFO - Started process (PID=771) to work on /opt/airflow/dags/weather_dag.py
[2026-05-31T19:28:31.902+0000] {processor.py:830} INFO - Processing file /opt/airflow/dags/weather_dag.py for tasks to queue
[2026-05-31T19:28:31.906+0000] {logging_mixin.py:188} INFO - [2026-05-31T19:28:31.905+0000] {dagbag.py:545} INFO - Filling up the DagBag from /opt/airflow/dags/weather_dag.py
[2026-05-31T19:28:32.242+0000] {processor.py:840} INFO - DAG(s) 'weather_pipeline' retrieved from /opt/airflow/dags/weather_dag.py
[2026-05-31T19:28:32.294+0000] {logging_mixin.py:188} INFO - [2026-05-31T19:28:32.293+0000] {dag.py:3096} INFO - Sync 1 DAGs
[2026-05-31T19:28:32.338+0000] {logging_mixin.py:188} INFO - [2026-05-31T19:28:32.338+0000] {dag.py:3954} INFO - Setting next_dagrun for weather_pipeline to 2026-05-31 19:00:00+00:00, run_after=2026-05-31 20:00:00+00:00
[2026-05-31T19:28:32.375+0000] {processor.py:183} INFO - Processing /opt/airflow/dags/weather_dag.py took 0.490 seconds
[2026-05-31T19:29:02.681+0000] {processor.py:161} INFO - Started process (PID=780) to work on /opt/airflow/dags/weather_dag.py
[2026-05-31T19:29:02.683+0000] {processor.py:830} INFO - Processing file /opt/airflow/dags/weather_dag.py for tasks to queue
[2026-05-31T19:29:02.687+0000] {logging_mixin.py:188} INFO - [2026-05-31T19:29:02.687+0000] {dagbag.py:545} INFO - Filling up the DagBag from /opt/airflow/dags/weather_dag.py
[2026-05-31T19:29:03.131+0000] {processor.py:840} INFO - DAG(s) 'weather_pipeline' retrieved from /opt/airflow/dags/weather_dag.py
[2026-05-31T19:29:03.260+0000] {logging_mixin.py:188} INFO - [2026-05-31T19:29:03.258+0000] {dag.py:3096} INFO - Sync 1 DAGs
[2026-05-31T19:29:03.354+0000] {logging_mixin.py:188} INFO - [2026-05-31T19:29:03.354+0000] {dag.py:3954} INFO - Setting next_dagrun for weather_pipeline to 2026-05-31 19:00:00+00:00, run_after=2026-05-31 20:00:00+00:00
[2026-05-31T19:29:03.414+0000] {processor.py:183} INFO - Processing /opt/airflow/dags/weather_dag.py took 0.749 seconds
[2026-05-31T19:29:33.760+0000] {processor.py:161} INFO - Started process (PID=788) to work on /opt/airflow/dags/weather_dag.py
[2026-05-31T19:29:33.762+0000] {processor.py:830} INFO - Processing file /opt/airflow/dags/weather_dag.py for tasks to queue
[2026-05-31T19:29:33.769+0000] {logging_mixin.py:188} INFO - [2026-05-31T19:29:33.769+0000] {dagbag.py:545} INFO - Filling up the DagBag from /opt/airflow/dags/weather_dag.py
[2026-05-31T19:29:34.089+0000] {processor.py:840} INFO - DAG(s) 'weather_pipeline' retrieved from /opt/airflow/dags/weather_dag.py
[2026-05-31T19:29:34.140+0000] {logging_mixin.py:188} INFO - [2026-05-31T19:29:34.140+0000] {dag.py:3096} INFO - Sync 1 DAGs
[2026-05-31T19:29:34.181+0000] {logging_mixin.py:188} INFO - [2026-05-31T19:29:34.180+0000] {dag.py:3954} INFO - Setting next_dagrun for weather_pipeline to 2026-05-31 19:00:00+00:00, run_after=2026-05-31 20:00:00+00:00
[2026-05-31T19:29:34.223+0000] {processor.py:183} INFO - Processing /opt/airflow/dags/weather_dag.py took 0.476 seconds
[2026-05-31T19:30:04.582+0000] {processor.py:161} INFO - Started process (PID=796) to work on /opt/airflow/dags/weather_dag.py
[2026-05-31T19:30:04.584+0000] {processor.py:830} INFO - Processing file /opt/airflow/dags/weather_dag.py for tasks to queue
[2026-05-31T19:30:04.588+0000] {logging_mixin.py:188} INFO - [2026-05-31T19:30:04.587+0000] {dagbag.py:545} INFO - Filling up the DagBag from /opt/airflow/dags/weather_dag.py
[2026-05-31T19:30:04.896+0000] {processor.py:840} INFO - DAG(s) 'weather_pipeline' retrieved from /opt/airflow/dags/weather_dag.py
[2026-05-31T19:30:04.951+0000] {logging_mixin.py:188} INFO - [2026-05-31T19:30:04.950+0000] {dag.py:3096} INFO - Sync 1 DAGs
[2026-05-31T19:30:04.994+0000] {logging_mixin.py:188} INFO - [2026-05-31T19:30:04.994+0000] {dag.py:3954} INFO - Setting next_dagrun for weather_pipeline to 2026-05-31 19:00:00+00:00, run_after=2026-05-31 20:00:00+00:00
[2026-05-31T19:30:05.034+0000] {processor.py:183} INFO - Processing /opt/airflow/dags/weather_dag.py took 0.466 seconds
[2026-05-31T19:30:35.331+0000] {processor.py:161} INFO - Started process (PID=804) to work on /opt/airflow/dags/weather_dag.py
[2026-05-31T19:30:35.333+0000] {processor.py:830} INFO - Processing file /opt/airflow/dags/weather_dag.py for tasks to queue
[2026-05-31T19:30:35.340+0000] {logging_mixin.py:188} INFO - [2026-05-31T19:30:35.339+0000] {dagbag.py:545} INFO - Filling up the DagBag from /opt/airflow/dags/weather_dag.py
[2026-05-31T19:30:35.918+0000] {processor.py:840} INFO - DAG(s) 'weather_pipeline' retrieved from /opt/airflow/dags/weather_dag.py
[2026-05-31T19:30:35.980+0000] {logging_mixin.py:188} INFO - [2026-05-31T19:30:35.979+0000] {dag.py:3096} INFO - Sync 1 DAGs
[2026-05-31T19:30:36.038+0000] {logging_mixin.py:188} INFO - [2026-05-31T19:30:36.038+0000] {dag.py:3954} INFO - Setting next_dagrun for weather_pipeline to 2026-05-31 19:00:00+00:00, run_after=2026-05-31 20:00:00+00:00
[2026-05-31T19:30:36.087+0000] {processor.py:183} INFO - Processing /opt/airflow/dags/weather_dag.py took 0.767 seconds
[2026-05-31T19:31:06.422+0000] {processor.py:161} INFO - Started process (PID=812) to work on /opt/airflow/dags/weather_dag.py
[2026-05-31T19:31:06.424+0000] {processor.py:830} INFO - Processing file /opt/airflow/dags/weather_dag.py for tasks to queue
[2026-05-31T19:31:06.430+0000] {logging_mixin.py:188} INFO - [2026-05-31T19:31:06.427+0000] {dagbag.py:545} INFO - Filling up the DagBag from /opt/airflow/dags/weather_dag.py
[2026-05-31T19:31:06.791+0000] {processor.py:840} INFO - DAG(s) 'weather_pipeline' retrieved from /opt/airflow/dags/weather_dag.py
[2026-05-31T19:31:06.855+0000] {logging_mixin.py:188} INFO - [2026-05-31T19:31:06.854+0000] {dag.py:3096} INFO - Sync 1 DAGs
[2026-05-31T19:31:06.917+0000] {logging_mixin.py:188} INFO - [2026-05-31T19:31:06.916+0000] {dag.py:3954} INFO - Setting next_dagrun for weather_pipeline to 2026-05-31 19:00:00+00:00, run_after=2026-05-31 20:00:00+00:00
[2026-05-31T19:31:06.962+0000] {processor.py:183} INFO - Processing /opt/airflow/dags/weather_dag.py took 0.555 seconds
[2026-05-31T19:31:37.246+0000] {processor.py:161} INFO - Started process (PID=820) to work on /opt/airflow/dags/weather_dag.py
[2026-05-31T19:31:37.248+0000] {processor.py:830} INFO - Processing file /opt/airflow/dags/weather_dag.py for tasks to queue
[2026-05-31T19:31:37.252+0000] {logging_mixin.py:188} INFO - [2026-05-31T19:31:37.251+0000] {dagbag.py:545} INFO - Filling up the DagBag from /opt/airflow/dags/weather_dag.py
[2026-05-31T19:31:37.589+0000] {processor.py:840} INFO - DAG(s) 'weather_pipeline' retrieved from /opt/airflow/dags/weather_dag.py
[2026-05-31T19:31:37.636+0000] {logging_mixin.py:188} INFO - [2026-05-31T19:31:37.635+0000] {dag.py:3096} INFO - Sync 1 DAGs
[2026-05-31T19:31:37.692+0000] {logging_mixin.py:188} INFO - [2026-05-31T19:31:37.691+0000] {dag.py:3954} INFO - Setting next_dagrun for weather_pipeline to 2026-05-31 19:00:00+00:00, run_after=2026-05-31 20:00:00+00:00
[2026-05-31T19:31:37.727+0000] {processor.py:183} INFO - Processing /opt/airflow/dags/weather_dag.py took 0.493 seconds
[2026-05-31T19:32:08.098+0000] {processor.py:161} INFO - Started process (PID=828) to work on /opt/airflow/dags/weather_dag.py
[2026-05-31T19:32:08.101+0000] {processor.py:830} INFO - Processing file /opt/airflow/dags/weather_dag.py for tasks to queue
[2026-05-31T19:32:08.108+0000] {logging_mixin.py:188} INFO - [2026-05-31T19:32:08.107+0000] {dagbag.py:545} INFO - Filling up the DagBag from /opt/airflow/dags/weather_dag.py
[2026-05-31T19:32:08.476+0000] {processor.py:840} INFO - DAG(s) 'weather_pipeline' retrieved from /opt/airflow/dags/weather_dag.py
[2026-05-31T19:32:08.536+0000] {logging_mixin.py:188} INFO - [2026-05-31T19:32:08.535+0000] {dag.py:3096} INFO - Sync 1 DAGs
[2026-05-31T19:32:08.594+0000] {logging_mixin.py:188} INFO - [2026-05-31T19:32:08.594+0000] {dag.py:3954} INFO - Setting next_dagrun for weather_pipeline to 2026-05-31 19:00:00+00:00, run_after=2026-05-31 20:00:00+00:00
[2026-05-31T19:32:08.650+0000] {processor.py:183} INFO - Processing /opt/airflow/dags/weather_dag.py took 0.589 seconds
[2026-05-31T19:32:38.740+0000] {processor.py:161} INFO - Started process (PID=836) to work on /opt/airflow/dags/weather_dag.py
[2026-05-31T19:32:38.742+0000] {processor.py:830} INFO - Processing file /opt/airflow/dags/weather_dag.py for tasks to queue
[2026-05-31T19:32:38.747+0000] {logging_mixin.py:188} INFO - [2026-05-31T19:32:38.746+0000] {dagbag.py:545} INFO - Filling up the DagBag from /opt/airflow/dags/weather_dag.py
[2026-05-31T19:32:39.035+0000] {processor.py:840} INFO - DAG(s) 'weather_pipeline' retrieved from /opt/airflow/dags/weather_dag.py
[2026-05-31T19:32:39.080+0000] {logging_mixin.py:188} INFO - [2026-05-31T19:32:39.079+0000] {dag.py:3096} INFO - Sync 1 DAGs
[2026-05-31T19:32:39.122+0000] {logging_mixin.py:188} INFO - [2026-05-31T19:32:39.122+0000] {dag.py:3954} INFO - Setting next_dagrun for weather_pipeline to 2026-05-31 19:00:00+00:00, run_after=2026-05-31 20:00:00+00:00
[2026-05-31T19:32:39.162+0000] {processor.py:183} INFO - Processing /opt/airflow/dags/weather_dag.py took 0.435 seconds
[2026-05-31T19:33:09.387+0000] {processor.py:161} INFO - Started process (PID=844) to work on /opt/airflow/dags/weather_dag.py
[2026-05-31T19:33:09.391+0000] {processor.py:830} INFO - Processing file /opt/airflow/dags/weather_dag.py for tasks to queue
[2026-05-31T19:33:09.396+0000] {logging_mixin.py:188} INFO - [2026-05-31T19:33:09.396+0000] {dagbag.py:545} INFO - Filling up the DagBag from /opt/airflow/dags/weather_dag.py
[2026-05-31T19:33:09.773+0000] {processor.py:840} INFO - DAG(s) 'weather_pipeline' retrieved from /opt/airflow/dags/weather_dag.py
[2026-05-31T19:33:09.837+0000] {logging_mixin.py:188} INFO - [2026-05-31T19:33:09.836+0000] {dag.py:3096} INFO - Sync 1 DAGs
[2026-05-31T19:33:09.892+0000] {logging_mixin.py:188} INFO - [2026-05-31T19:33:09.891+0000] {dag.py:3954} INFO - Setting next_dagrun for weather_pipeline to 2026-05-31 19:00:00+00:00, run_after=2026-05-31 20:00:00+00:00
[2026-05-31T19:33:09.931+0000] {processor.py:183} INFO - Processing /opt/airflow/dags/weather_dag.py took 0.559 seconds
[2026-05-31T19:33:40.274+0000] {processor.py:161} INFO - Started process (PID=852) to work on /opt/airflow/dags/weather_dag.py
[2026-05-31T19:33:40.276+0000] {processor.py:830} INFO - Processing file /opt/airflow/dags/weather_dag.py for tasks to queue
[2026-05-31T19:33:40.280+0000] {logging_mixin.py:188} INFO - [2026-05-31T19:33:40.279+0000] {dagbag.py:545} INFO - Filling up the DagBag from /opt/airflow/dags/weather_dag.py
[2026-05-31T19:33:40.662+0000] {processor.py:840} INFO - DAG(s) 'weather_pipeline' retrieved from /opt/airflow/dags/weather_dag.py
[2026-05-31T19:33:40.731+0000] {logging_mixin.py:188} INFO - [2026-05-31T19:33:40.724+0000] {dag.py:3096} INFO - Sync 1 DAGs
[2026-05-31T19:33:40.786+0000] {logging_mixin.py:188} INFO - [2026-05-31T19:33:40.786+0000] {dag.py:3954} INFO - Setting next_dagrun for weather_pipeline to 2026-05-31 19:00:00+00:00, run_after=2026-05-31 20:00:00+00:00
[2026-05-31T19:33:40.852+0000] {processor.py:183} INFO - Processing /opt/airflow/dags/weather_dag.py took 0.597 seconds
[2026-05-31T19:34:11.286+0000] {processor.py:161} INFO - Started process (PID=860) to work on /opt/airflow/dags/weather_dag.py
[2026-05-31T19:34:11.289+0000] {processor.py:830} INFO - Processing file /opt/airflow/dags/weather_dag.py for tasks to queue
[2026-05-31T19:34:11.295+0000] {logging_mixin.py:188} INFO - [2026-05-31T19:34:11.294+0000] {dagbag.py:545} INFO - Filling up the DagBag from /opt/airflow/dags/weather_dag.py
[2026-05-31T19:34:11.666+0000] {processor.py:840} INFO - DAG(s) 'weather_pipeline' retrieved from /opt/airflow/dags/weather_dag.py
[2026-05-31T19:34:11.740+0000] {logging_mixin.py:188} INFO - [2026-05-31T19:34:11.738+0000] {dag.py:3096} INFO - Sync 1 DAGs
[2026-05-31T19:34:11.819+0000] {logging_mixin.py:188} INFO - [2026-05-31T19:34:11.818+0000] {dag.py:3954} INFO - Setting next_dagrun for weather_pipeline to 2026-05-31 19:00:00+00:00, run_after=2026-05-31 20:00:00+00:00
[2026-05-31T19:34:11.872+0000] {processor.py:183} INFO - Processing /opt/airflow/dags/weather_dag.py took 0.607 seconds
[2026-05-31T19:34:42.184+0000] {processor.py:161} INFO - Started process (PID=868) to work on /opt/airflow/dags/weather_dag.py
[2026-05-31T19:34:42.185+0000] {processor.py:830} INFO - Processing file /opt/airflow/dags/weather_dag.py for tasks to queue
[2026-05-31T19:34:42.189+0000] {logging_mixin.py:188} INFO - [2026-05-31T19:34:42.188+0000] {dagbag.py:545} INFO - Filling up the DagBag from /opt/airflow/dags/weather_dag.py
[2026-05-31T19:34:42.491+0000] {processor.py:840} INFO - DAG(s) 'weather_pipeline' retrieved from /opt/airflow/dags/weather_dag.py
[2026-05-31T19:34:42.546+0000] {logging_mixin.py:188} INFO - [2026-05-31T19:34:42.545+0000] {dag.py:3096} INFO - Sync 1 DAGs
[2026-05-31T19:34:42.588+0000] {logging_mixin.py:188} INFO - [2026-05-31T19:34:42.588+0000] {dag.py:3954} INFO - Setting next_dagrun for weather_pipeline to 2026-05-31 19:00:00+00:00, run_after=2026-05-31 20:00:00+00:00
[2026-05-31T19:34:42.628+0000] {processor.py:183} INFO - Processing /opt/airflow/dags/weather_dag.py took 0.456 seconds
[2026-05-31T19:35:13.013+0000] {processor.py:161} INFO - Started process (PID=876) to work on /opt/airflow/dags/weather_dag.py
[2026-05-31T19:35:13.015+0000] {processor.py:830} INFO - Processing file /opt/airflow/dags/weather_dag.py for tasks to queue
[2026-05-31T19:35:13.019+0000] {logging_mixin.py:188} INFO - [2026-05-31T19:35:13.018+0000] {dagbag.py:545} INFO - Filling up the DagBag from /opt/airflow/dags/weather_dag.py
[2026-05-31T19:35:13.396+0000] {processor.py:840} INFO - DAG(s) 'weather_pipeline' retrieved from /opt/airflow/dags/weather_dag.py
[2026-05-31T19:35:13.456+0000] {logging_mixin.py:188} INFO - [2026-05-31T19:35:13.455+0000] {dag.py:3096} INFO - Sync 1 DAGs
[2026-05-31T19:35:13.529+0000] {logging_mixin.py:188} INFO - [2026-05-31T19:35:13.528+0000] {dag.py:3954} INFO - Setting next_dagrun for weather_pipeline to 2026-05-31 19:00:00+00:00, run_after=2026-05-31 20:00:00+00:00
[2026-05-31T19:35:13.582+0000] {processor.py:183} INFO - Processing /opt/airflow/dags/weather_dag.py took 0.584 seconds
[2026-05-31T19:35:43.883+0000] {processor.py:161} INFO - Started process (PID=884) to work on /opt/airflow/dags/weather_dag.py
[2026-05-31T19:35:43.886+0000] {processor.py:830} INFO - Processing file /opt/airflow/dags/weather_dag.py for tasks to queue
[2026-05-31T19:35:43.896+0000] {logging_mixin.py:188} INFO - [2026-05-31T19:35:43.895+0000] {dagbag.py:545} INFO - Filling up the DagBag from /opt/airflow/dags/weather_dag.py
[2026-05-31T19:35:44.322+0000] {processor.py:840} INFO - DAG(s) 'weather_pipeline' retrieved from /opt/airflow/dags/weather_dag.py
[2026-05-31T19:35:44.386+0000] {logging_mixin.py:188} INFO - [2026-05-31T19:35:44.385+0000] {dag.py:3096} INFO - Sync 1 DAGs
[2026-05-31T19:35:44.433+0000] {logging_mixin.py:188} INFO - [2026-05-31T19:35:44.433+0000] {dag.py:3954} INFO - Setting next_dagrun for weather_pipeline to 2026-05-31 19:00:00+00:00, run_after=2026-05-31 20:00:00+00:00
[2026-05-31T19:35:44.480+0000] {processor.py:183} INFO - Processing /opt/airflow/dags/weather_dag.py took 0.618 seconds
[2026-05-31T19:36:14.829+0000] {processor.py:161} INFO - Started process (PID=892) to work on /opt/airflow/dags/weather_dag.py
[2026-05-31T19:36:14.833+0000] {processor.py:830} INFO - Processing file /opt/airflow/dags/weather_dag.py for tasks to queue
[2026-05-31T19:36:14.837+0000] {logging_mixin.py:188} INFO - [2026-05-31T19:36:14.836+0000] {dagbag.py:545} INFO - Filling up the DagBag from /opt/airflow/dags/weather_dag.py
[2026-05-31T19:36:15.158+0000] {processor.py:840} INFO - DAG(s) 'weather_pipeline' retrieved from /opt/airflow/dags/weather_dag.py
[2026-05-31T19:36:15.206+0000] {logging_mixin.py:188} INFO - [2026-05-31T19:36:15.205+0000] {dag.py:3096} INFO - Sync 1 DAGs
[2026-05-31T19:36:15.259+0000] {logging_mixin.py:188} INFO - [2026-05-31T19:36:15.258+0000] {dag.py:3954} INFO - Setting next_dagrun for weather_pipeline to 2026-05-31 19:00:00+00:00, run_after=2026-05-31 20:00:00+00:00
[2026-05-31T19:36:15.299+0000] {processor.py:183} INFO - Processing /opt/airflow/dags/weather_dag.py took 0.490 seconds
[2026-05-31T19:36:45.667+0000] {processor.py:161} INFO - Started process (PID=904) to work on /opt/airflow/dags/weather_dag.py
[2026-05-31T19:36:45.669+0000] {processor.py:830} INFO - Processing file /opt/airflow/dags/weather_dag.py for tasks to queue
[2026-05-31T19:36:45.677+0000] {logging_mixin.py:188} INFO - [2026-05-31T19:36:45.675+0000] {dagbag.py:545} INFO - Filling up the DagBag from /opt/airflow/dags/weather_dag.py
[2026-05-31T19:36:46.337+0000] {processor.py:840} INFO - DAG(s) 'weather_pipeline' retrieved from /opt/airflow/dags/weather_dag.py
[2026-05-31T19:36:46.406+0000] {logging_mixin.py:188} INFO - [2026-05-31T19:36:46.405+0000] {dag.py:3096} INFO - Sync 1 DAGs
[2026-05-31T19:36:46.455+0000] {logging_mixin.py:188} INFO - [2026-05-31T19:36:46.455+0000] {dag.py:3954} INFO - Setting next_dagrun for weather_pipeline to 2026-05-31 19:00:00+00:00, run_after=2026-05-31 20:00:00+00:00
[2026-05-31T19:36:46.507+0000] {processor.py:183} INFO - Processing /opt/airflow/dags/weather_dag.py took 0.859 seconds
[2026-05-31T19:37:16.893+0000] {processor.py:161} INFO - Started process (PID=912) to work on /opt/airflow/dags/weather_dag.py
[2026-05-31T19:37:16.895+0000] {processor.py:830} INFO - Processing file /opt/airflow/dags/weather_dag.py for tasks to queue
[2026-05-31T19:37:16.900+0000] {logging_mixin.py:188} INFO - [2026-05-31T19:37:16.899+0000] {dagbag.py:545} INFO - Filling up the DagBag from /opt/airflow/dags/weather_dag.py
[2026-05-31T19:37:17.266+0000] {processor.py:840} INFO - DAG(s) 'weather_pipeline' retrieved from /opt/airflow/dags/weather_dag.py
[2026-05-31T19:37:17.333+0000] {logging_mixin.py:188} INFO - [2026-05-31T19:37:17.331+0000] {dag.py:3096} INFO - Sync 1 DAGs
[2026-05-31T19:37:17.391+0000] {logging_mixin.py:188} INFO - [2026-05-31T19:37:17.390+0000] {dag.py:3954} INFO - Setting next_dagrun for weather_pipeline to 2026-05-31 19:00:00+00:00, run_after=2026-05-31 20:00:00+00:00
[2026-05-31T19:37:17.435+0000] {processor.py:183} INFO - Processing /opt/airflow/dags/weather_dag.py took 0.563 seconds
[2026-05-31T19:37:47.778+0000] {processor.py:161} INFO - Started process (PID=920) to work on /opt/airflow/dags/weather_dag.py
[2026-05-31T19:37:47.780+0000] {processor.py:830} INFO - Processing file /opt/airflow/dags/weather_dag.py for tasks to queue
[2026-05-31T19:37:47.787+0000] {logging_mixin.py:188} INFO - [2026-05-31T19:37:47.786+0000] {dagbag.py:545} INFO - Filling up the DagBag from /opt/airflow/dags/weather_dag.py
[2026-05-31T19:37:48.301+0000] {processor.py:840} INFO - DAG(s) 'weather_pipeline' retrieved from /opt/airflow/dags/weather_dag.py
[2026-05-31T19:37:48.403+0000] {logging_mixin.py:188} INFO - [2026-05-31T19:37:48.402+0000] {dag.py:3096} INFO - Sync 1 DAGs
[2026-05-31T19:37:48.462+0000] {logging_mixin.py:188} INFO - [2026-05-31T19:37:48.462+0000] {dag.py:3954} INFO - Setting next_dagrun for weather_pipeline to 2026-05-31 19:00:00+00:00, run_after=2026-05-31 20:00:00+00:00
[2026-05-31T19:37:48.508+0000] {processor.py:183} INFO - Processing /opt/airflow/dags/weather_dag.py took 0.753 seconds
[2026-05-31T19:38:18.782+0000] {processor.py:161} INFO - Started process (PID=928) to work on /opt/airflow/dags/weather_dag.py
[2026-05-31T19:38:18.785+0000] {processor.py:830} INFO - Processing file /opt/airflow/dags/weather_dag.py for tasks to queue
[2026-05-31T19:38:18.789+0000] {logging_mixin.py:188} INFO - [2026-05-31T19:38:18.789+0000] {dagbag.py:545} INFO - Filling up the DagBag from /opt/airflow/dags/weather_dag.py
[2026-05-31T19:38:19.154+0000] {processor.py:840} INFO - DAG(s) 'weather_pipeline' retrieved from /opt/airflow/dags/weather_dag.py
[2026-05-31T19:38:19.244+0000] {logging_mixin.py:188} INFO - [2026-05-31T19:38:19.243+0000] {dag.py:3096} INFO - Sync 1 DAGs
[2026-05-31T19:38:19.300+0000] {logging_mixin.py:188} INFO - [2026-05-31T19:38:19.300+0000] {dag.py:3954} INFO - Setting next_dagrun for weather_pipeline to 2026-05-31 19:00:00+00:00, run_after=2026-05-31 20:00:00+00:00
[2026-05-31T19:38:19.343+0000] {processor.py:183} INFO - Processing /opt/airflow/dags/weather_dag.py took 0.574 seconds
[2026-05-31T19:38:49.779+0000] {processor.py:161} INFO - Started process (PID=942) to work on /opt/airflow/dags/weather_dag.py
[2026-05-31T19:38:49.784+0000] {processor.py:830} INFO - Processing file /opt/airflow/dags/weather_dag.py for tasks to queue
[2026-05-31T19:38:49.795+0000] {logging_mixin.py:188} INFO - [2026-05-31T19:38:49.794+0000] {dagbag.py:545} INFO - Filling up the DagBag from /opt/airflow/dags/weather_dag.py
[2026-05-31T19:38:50.417+0000] {processor.py:840} INFO - DAG(s) 'weather_pipeline' retrieved from /opt/airflow/dags/weather_dag.py
[2026-05-31T19:38:50.488+0000] {logging_mixin.py:188} INFO - [2026-05-31T19:38:50.487+0000] {dag.py:3096} INFO - Sync 1 DAGs
[2026-05-31T19:38:50.568+0000] {logging_mixin.py:188} INFO - [2026-05-31T19:38:50.567+0000] {dag.py:3954} INFO - Setting next_dagrun for weather_pipeline to 2026-05-31 19:00:00+00:00, run_after=2026-05-31 20:00:00+00:00
[2026-05-31T19:38:50.644+0000] {processor.py:183} INFO - Processing /opt/airflow/dags/weather_dag.py took 0.903 seconds
[2026-05-31T19:39:21.115+0000] {processor.py:161} INFO - Started process (PID=950) to work on /opt/airflow/dags/weather_dag.py
[2026-05-31T19:39:21.124+0000] {processor.py:830} INFO - Processing file /opt/airflow/dags/weather_dag.py for tasks to queue
[2026-05-31T19:39:21.132+0000] {logging_mixin.py:188} INFO - [2026-05-31T19:39:21.131+0000] {dagbag.py:545} INFO - Filling up the DagBag from /opt/airflow/dags/weather_dag.py
[2026-05-31T19:39:22.000+0000] {processor.py:840} INFO - DAG(s) 'weather_pipeline' retrieved from /opt/airflow/dags/weather_dag.py
[2026-05-31T19:39:22.067+0000] {logging_mixin.py:188} INFO - [2026-05-31T19:39:22.065+0000] {dag.py:3096} INFO - Sync 1 DAGs
[2026-05-31T19:39:22.128+0000] {logging_mixin.py:188} INFO - [2026-05-31T19:39:22.128+0000] {dag.py:3954} INFO - Setting next_dagrun for weather_pipeline to 2026-05-31 19:00:00+00:00, run_after=2026-05-31 20:00:00+00:00
[2026-05-31T19:39:22.170+0000] {processor.py:183} INFO - Processing /opt/airflow/dags/weather_dag.py took 1.078 seconds
[2026-05-31T19:39:52.430+0000] {processor.py:161} INFO - Started process (PID=958) to work on /opt/airflow/dags/weather_dag.py
[2026-05-31T19:39:52.432+0000] {processor.py:830} INFO - Processing file /opt/airflow/dags/weather_dag.py for tasks to queue
[2026-05-31T19:39:52.436+0000] {logging_mixin.py:188} INFO - [2026-05-31T19:39:52.436+0000] {dagbag.py:545} INFO - Filling up the DagBag from /opt/airflow/dags/weather_dag.py
[2026-05-31T19:39:52.759+0000] {processor.py:840} INFO - DAG(s) 'weather_pipeline' retrieved from /opt/airflow/dags/weather_dag.py
[2026-05-31T19:39:52.816+0000] {logging_mixin.py:188} INFO - [2026-05-31T19:39:52.815+0000] {dag.py:3096} INFO - Sync 1 DAGs
[2026-05-31T19:39:52.856+0000] {logging_mixin.py:188} INFO - [2026-05-31T19:39:52.856+0000] {dag.py:3954} INFO - Setting next_dagrun for weather_pipeline to 2026-05-31 19:00:00+00:00, run_after=2026-05-31 20:00:00+00:00
[2026-05-31T19:39:52.897+0000] {processor.py:183} INFO - Processing /opt/airflow/dags/weather_dag.py took 0.477 seconds
[2026-05-31T19:40:23.331+0000] {processor.py:161} INFO - Started process (PID=967) to work on /opt/airflow/dags/weather_dag.py
[2026-05-31T19:40:23.345+0000] {processor.py:830} INFO - Processing file /opt/airflow/dags/weather_dag.py for tasks to queue
[2026-05-31T19:40:23.350+0000] {logging_mixin.py:188} INFO - [2026-05-31T19:40:23.349+0000] {dagbag.py:545} INFO - Filling up the DagBag from /opt/airflow/dags/weather_dag.py
[2026-05-31T19:40:23.857+0000] {processor.py:840} INFO - DAG(s) 'weather_pipeline' retrieved from /opt/airflow/dags/weather_dag.py
[2026-05-31T19:40:24.389+0000] {logging_mixin.py:188} INFO - [2026-05-31T19:40:24.388+0000] {dag.py:3096} INFO - Sync 1 DAGs
[2026-05-31T19:40:24.451+0000] {logging_mixin.py:188} INFO - [2026-05-31T19:40:24.450+0000] {dag.py:3954} INFO - Setting next_dagrun for weather_pipeline to 2026-05-31 19:00:00+00:00, run_after=2026-05-31 20:00:00+00:00
[2026-05-31T19:40:24.559+0000] {processor.py:183} INFO - Processing /opt/airflow/dags/weather_dag.py took 1.248 seconds
[2026-05-31T19:40:54.916+0000] {processor.py:161} INFO - Started process (PID=975) to work on /opt/airflow/dags/weather_dag.py
[2026-05-31T19:40:54.918+0000] {processor.py:830} INFO - Processing file /opt/airflow/dags/weather_dag.py for tasks to queue
[2026-05-31T19:40:54.922+0000] {logging_mixin.py:188} INFO - [2026-05-31T19:40:54.921+0000] {dagbag.py:545} INFO - Filling up the DagBag from /opt/airflow/dags/weather_dag.py
[2026-05-31T19:40:55.270+0000] {processor.py:840} INFO - DAG(s) 'weather_pipeline' retrieved from /opt/airflow/dags/weather_dag.py
[2026-05-31T19:40:55.327+0000] {logging_mixin.py:188} INFO - [2026-05-31T19:40:55.326+0000] {dag.py:3096} INFO - Sync 1 DAGs
[2026-05-31T19:40:55.373+0000] {logging_mixin.py:188} INFO - [2026-05-31T19:40:55.373+0000] {dag.py:3954} INFO - Setting next_dagrun for weather_pipeline to 2026-05-31 19:00:00+00:00, run_after=2026-05-31 20:00:00+00:00
[2026-05-31T19:40:55.413+0000] {processor.py:183} INFO - Processing /opt/airflow/dags/weather_dag.py took 0.512 seconds
[2026-05-31T19:41:25.732+0000] {processor.py:161} INFO - Started process (PID=983) to work on /opt/airflow/dags/weather_dag.py
[2026-05-31T19:41:25.734+0000] {processor.py:830} INFO - Processing file /opt/airflow/dags/weather_dag.py for tasks to queue
[2026-05-31T19:41:25.738+0000] {logging_mixin.py:188} INFO - [2026-05-31T19:41:25.737+0000] {dagbag.py:545} INFO - Filling up the DagBag from /opt/airflow/dags/weather_dag.py
[2026-05-31T19:41:26.165+0000] {processor.py:840} INFO - DAG(s) 'weather_pipeline' retrieved from /opt/airflow/dags/weather_dag.py
[2026-05-31T19:41:26.223+0000] {logging_mixin.py:188} INFO - [2026-05-31T19:41:26.221+0000] {dag.py:3096} INFO - Sync 1 DAGs
[2026-05-31T19:41:26.266+0000] {logging_mixin.py:188} INFO - [2026-05-31T19:41:26.265+0000] {dag.py:3954} INFO - Setting next_dagrun for weather_pipeline to 2026-05-31 19:00:00+00:00, run_after=2026-05-31 20:00:00+00:00
[2026-05-31T19:41:26.308+0000] {processor.py:183} INFO - Processing /opt/airflow/dags/weather_dag.py took 0.592 seconds
[2026-05-31T19:41:56.564+0000] {processor.py:161} INFO - Started process (PID=991) to work on /opt/airflow/dags/weather_dag.py
[2026-05-31T19:41:56.572+0000] {processor.py:830} INFO - Processing file /opt/airflow/dags/weather_dag.py for tasks to queue
[2026-05-31T19:41:56.578+0000] {logging_mixin.py:188} INFO - [2026-05-31T19:41:56.576+0000] {dagbag.py:545} INFO - Filling up the DagBag from /opt/airflow/dags/weather_dag.py
[2026-05-31T19:41:57.077+0000] {processor.py:840} INFO - DAG(s) 'weather_pipeline' retrieved from /opt/airflow/dags/weather_dag.py
[2026-05-31T19:41:57.147+0000] {logging_mixin.py:188} INFO - [2026-05-31T19:41:57.146+0000] {dag.py:3096} INFO - Sync 1 DAGs
[2026-05-31T19:41:57.204+0000] {logging_mixin.py:188} INFO - [2026-05-31T19:41:57.204+0000] {dag.py:3954} INFO - Setting next_dagrun for weather_pipeline to 2026-05-31 19:00:00+00:00, run_after=2026-05-31 20:00:00+00:00
[2026-05-31T19:41:57.263+0000] {processor.py:183} INFO - Processing /opt/airflow/dags/weather_dag.py took 0.729 seconds
[2026-05-31T19:42:28.111+0000] {processor.py:161} INFO - Started process (PID=999) to work on /opt/airflow/dags/weather_dag.py
[2026-05-31T19:42:28.116+0000] {processor.py:830} INFO - Processing file /opt/airflow/dags/weather_dag.py for tasks to queue
[2026-05-31T19:42:28.121+0000] {logging_mixin.py:188} INFO - [2026-05-31T19:42:28.120+0000] {dagbag.py:545} INFO - Filling up the DagBag from /opt/airflow/dags/weather_dag.py
[2026-05-31T19:42:28.611+0000] {processor.py:840} INFO - DAG(s) 'weather_pipeline' retrieved from /opt/airflow/dags/weather_dag.py
[2026-05-31T19:42:28.678+0000] {logging_mixin.py:188} INFO - [2026-05-31T19:42:28.677+0000] {dag.py:3096} INFO - Sync 1 DAGs
[2026-05-31T19:42:28.746+0000] {logging_mixin.py:188} INFO - [2026-05-31T19:42:28.746+0000] {dag.py:3954} INFO - Setting next_dagrun for weather_pipeline to 2026-05-31 19:00:00+00:00, run_after=2026-05-31 20:00:00+00:00
[2026-05-31T19:42:28.818+0000] {processor.py:183} INFO - Processing /opt/airflow/dags/weather_dag.py took 0.724 seconds
[2026-05-31T19:42:59.351+0000] {processor.py:161} INFO - Started process (PID=1007) to work on /opt/airflow/dags/weather_dag.py
[2026-05-31T19:42:59.353+0000] {processor.py:830} INFO - Processing file /opt/airflow/dags/weather_dag.py for tasks to queue
[2026-05-31T19:42:59.359+0000] {logging_mixin.py:188} INFO - [2026-05-31T19:42:59.358+0000] {dagbag.py:545} INFO - Filling up the DagBag from /opt/airflow/dags/weather_dag.py
[2026-05-31T19:42:59.796+0000] {processor.py:840} INFO - DAG(s) 'weather_pipeline' retrieved from /opt/airflow/dags/weather_dag.py
[2026-05-31T19:42:59.865+0000] {logging_mixin.py:188} INFO - [2026-05-31T19:42:59.863+0000] {dag.py:3096} INFO - Sync 1 DAGs
[2026-05-31T19:42:59.916+0000] {logging_mixin.py:188} INFO - [2026-05-31T19:42:59.915+0000] {dag.py:3954} INFO - Setting next_dagrun for weather_pipeline to 2026-05-31 19:00:00+00:00, run_after=2026-05-31 20:00:00+00:00
[2026-05-31T19:42:59.957+0000] {processor.py:183} INFO - Processing /opt/airflow/dags/weather_dag.py took 0.626 seconds
[2026-05-31T19:43:30.205+0000] {processor.py:161} INFO - Started process (PID=1015) to work on /opt/airflow/dags/weather_dag.py
[2026-05-31T19:43:30.211+0000] {processor.py:830} INFO - Processing file /opt/airflow/dags/weather_dag.py for tasks to queue
[2026-05-31T19:43:30.217+0000] {logging_mixin.py:188} INFO - [2026-05-31T19:43:30.216+0000] {dagbag.py:545} INFO - Filling up the DagBag from /opt/airflow/dags/weather_dag.py
[2026-05-31T19:43:30.598+0000] {processor.py:840} INFO - DAG(s) 'weather_pipeline' retrieved from /opt/airflow/dags/weather_dag.py
[2026-05-31T19:43:30.675+0000] {logging_mixin.py:188} INFO - [2026-05-31T19:43:30.673+0000] {dag.py:3096} INFO - Sync 1 DAGs
[2026-05-31T19:43:30.735+0000] {logging_mixin.py:188} INFO - [2026-05-31T19:43:30.734+0000] {dag.py:3954} INFO - Setting next_dagrun for weather_pipeline to 2026-05-31 19:00:00+00:00, run_after=2026-05-31 20:00:00+00:00
[2026-05-31T19:43:30.786+0000] {processor.py:183} INFO - Processing /opt/airflow/dags/weather_dag.py took 0.598 seconds
[2026-05-31T19:44:01.132+0000] {processor.py:161} INFO - Started process (PID=1023) to work on /opt/airflow/dags/weather_dag.py
[2026-05-31T19:44:01.134+0000] {processor.py:830} INFO - Processing file /opt/airflow/dags/weather_dag.py for tasks to queue
[2026-05-31T19:44:01.139+0000] {logging_mixin.py:188} INFO - [2026-05-31T19:44:01.138+0000] {dagbag.py:545} INFO - Filling up the DagBag from /opt/airflow/dags/weather_dag.py
[2026-05-31T19:44:01.716+0000] {processor.py:840} INFO - DAG(s) 'weather_pipeline' retrieved from /opt/airflow/dags/weather_dag.py
[2026-05-31T19:44:01.802+0000] {logging_mixin.py:188} INFO - [2026-05-31T19:44:01.801+0000] {dag.py:3096} INFO - Sync 1 DAGs
[2026-05-31T19:44:01.873+0000] {logging_mixin.py:188} INFO - [2026-05-31T19:44:01.872+0000] {dag.py:3954} INFO - Setting next_dagrun for weather_pipeline to 2026-05-31 19:00:00+00:00, run_after=2026-05-31 20:00:00+00:00
[2026-05-31T19:44:01.933+0000] {processor.py:183} INFO - Processing /opt/airflow/dags/weather_dag.py took 0.815 seconds
[2026-05-31T19:44:32.247+0000] {processor.py:161} INFO - Started process (PID=1032) to work on /opt/airflow/dags/weather_dag.py
[2026-05-31T19:44:32.249+0000] {processor.py:830} INFO - Processing file /opt/airflow/dags/weather_dag.py for tasks to queue
[2026-05-31T19:44:32.253+0000] {logging_mixin.py:188} INFO - [2026-05-31T19:44:32.253+0000] {dagbag.py:545} INFO - Filling up the DagBag from /opt/airflow/dags/weather_dag.py
[2026-05-31T19:44:32.655+0000] {processor.py:840} INFO - DAG(s) 'weather_pipeline' retrieved from /opt/airflow/dags/weather_dag.py
[2026-05-31T19:44:32.712+0000] {logging_mixin.py:188} INFO - [2026-05-31T19:44:32.711+0000] {dag.py:3096} INFO - Sync 1 DAGs
[2026-05-31T19:44:32.757+0000] {logging_mixin.py:188} INFO - [2026-05-31T19:44:32.757+0000] {dag.py:3954} INFO - Setting next_dagrun for weather_pipeline to 2026-05-31 19:00:00+00:00, run_after=2026-05-31 20:00:00+00:00
[2026-05-31T19:44:32.800+0000] {processor.py:183} INFO - Processing /opt/airflow/dags/weather_dag.py took 0.567 seconds
[2026-05-31T19:45:03.159+0000] {processor.py:161} INFO - Started process (PID=1040) to work on /opt/airflow/dags/weather_dag.py
[2026-05-31T19:45:03.161+0000] {processor.py:830} INFO - Processing file /opt/airflow/dags/weather_dag.py for tasks to queue
[2026-05-31T19:45:03.167+0000] {logging_mixin.py:188} INFO - [2026-05-31T19:45:03.166+0000] {dagbag.py:545} INFO - Filling up the DagBag from /opt/airflow/dags/weather_dag.py
[2026-05-31T19:45:03.567+0000] {processor.py:840} INFO - DAG(s) 'weather_pipeline' retrieved from /opt/airflow/dags/weather_dag.py
[2026-05-31T19:45:03.646+0000] {logging_mixin.py:188} INFO - [2026-05-31T19:45:03.644+0000] {dag.py:3096} INFO - Sync 1 DAGs
[2026-05-31T19:45:03.711+0000] {logging_mixin.py:188} INFO - [2026-05-31T19:45:03.711+0000] {dag.py:3954} INFO - Setting next_dagrun for weather_pipeline to 2026-05-31 19:00:00+00:00, run_after=2026-05-31 20:00:00+00:00
[2026-05-31T19:45:03.794+0000] {processor.py:183} INFO - Processing /opt/airflow/dags/weather_dag.py took 0.650 seconds
[2026-05-31T19:45:33.931+0000] {processor.py:161} INFO - Started process (PID=1048) to work on /opt/airflow/dags/weather_dag.py
[2026-05-31T19:45:33.941+0000] {processor.py:830} INFO - Processing file /opt/airflow/dags/weather_dag.py for tasks to queue
[2026-05-31T19:45:33.946+0000] {logging_mixin.py:188} INFO - [2026-05-31T19:45:33.946+0000] {dagbag.py:545} INFO - Filling up the DagBag from /opt/airflow/dags/weather_dag.py
[2026-05-31T19:45:34.366+0000] {processor.py:840} INFO - DAG(s) 'weather_pipeline' retrieved from /opt/airflow/dags/weather_dag.py
[2026-05-31T19:45:34.419+0000] {logging_mixin.py:188} INFO - [2026-05-31T19:45:34.418+0000] {dag.py:3096} INFO - Sync 1 DAGs
[2026-05-31T19:45:34.488+0000] {logging_mixin.py:188} INFO - [2026-05-31T19:45:34.487+0000] {dag.py:3954} INFO - Setting next_dagrun for weather_pipeline to 2026-05-31 19:00:00+00:00, run_after=2026-05-31 20:00:00+00:00
[2026-05-31T19:45:34.526+0000] {processor.py:183} INFO - Processing /opt/airflow/dags/weather_dag.py took 0.610 seconds
[2026-05-31T19:46:05.031+0000] {processor.py:161} INFO - Started process (PID=1055) to work on /opt/airflow/dags/weather_dag.py
[2026-05-31T19:46:05.033+0000] {processor.py:830} INFO - Processing file /opt/airflow/dags/weather_dag.py for tasks to queue
[2026-05-31T19:46:05.038+0000] {logging_mixin.py:188} INFO - [2026-05-31T19:46:05.037+0000] {dagbag.py:545} INFO - Filling up the DagBag from /opt/airflow/dags/weather_dag.py
[2026-05-31T19:46:05.659+0000] {processor.py:840} INFO - DAG(s) 'weather_pipeline' retrieved from /opt/airflow/dags/weather_dag.py
[2026-05-31T19:46:05.748+0000] {logging_mixin.py:188} INFO - [2026-05-31T19:46:05.743+0000] {dag.py:3096} INFO - Sync 1 DAGs
[2026-05-31T19:46:05.823+0000] {logging_mixin.py:188} INFO - [2026-05-31T19:46:05.823+0000] {dag.py:3954} INFO - Setting next_dagrun for weather_pipeline to 2026-05-31 19:00:00+00:00, run_after=2026-05-31 20:00:00+00:00
[2026-05-31T19:46:05.898+0000] {processor.py:183} INFO - Processing /opt/airflow/dags/weather_dag.py took 0.887 seconds
[2026-05-31T19:46:36.782+0000] {processor.py:161} INFO - Started process (PID=1064) to work on /opt/airflow/dags/weather_dag.py
[2026-05-31T19:46:36.789+0000] {processor.py:830} INFO - Processing file /opt/airflow/dags/weather_dag.py for tasks to queue
[2026-05-31T19:46:36.796+0000] {logging_mixin.py:188} INFO - [2026-05-31T19:46:36.795+0000] {dagbag.py:545} INFO - Filling up the DagBag from /opt/airflow/dags/weather_dag.py
[2026-05-31T19:46:37.496+0000] {processor.py:840} INFO - DAG(s) 'weather_pipeline' retrieved from /opt/airflow/dags/weather_dag.py
[2026-05-31T19:46:37.580+0000] {logging_mixin.py:188} INFO - [2026-05-31T19:46:37.578+0000] {dag.py:3096} INFO - Sync 1 DAGs
[2026-05-31T19:46:37.653+0000] {logging_mixin.py:188} INFO - [2026-05-31T19:46:37.653+0000] {dag.py:3954} INFO - Setting next_dagrun for weather_pipeline to 2026-05-31 19:00:00+00:00, run_after=2026-05-31 20:00:00+00:00
[2026-05-31T19:46:37.716+0000] {processor.py:183} INFO - Processing /opt/airflow/dags/weather_dag.py took 0.987 seconds
[2026-05-31T19:47:07.894+0000] {processor.py:161} INFO - Started process (PID=1072) to work on /opt/airflow/dags/weather_dag.py
[2026-05-31T19:47:07.896+0000] {processor.py:830} INFO - Processing file /opt/airflow/dags/weather_dag.py for tasks to queue
[2026-05-31T19:47:07.903+0000] {logging_mixin.py:188} INFO - [2026-05-31T19:47:07.903+0000] {dagbag.py:545} INFO - Filling up the DagBag from /opt/airflow/dags/weather_dag.py
[2026-05-31T19:47:08.355+0000] {processor.py:840} INFO - DAG(s) 'weather_pipeline' retrieved from /opt/airflow/dags/weather_dag.py
[2026-05-31T19:47:08.423+0000] {logging_mixin.py:188} INFO - [2026-05-31T19:47:08.422+0000] {dag.py:3096} INFO - Sync 1 DAGs
[2026-05-31T19:47:08.479+0000] {logging_mixin.py:188} INFO - [2026-05-31T19:47:08.478+0000] {dag.py:3954} INFO - Setting next_dagrun for weather_pipeline to 2026-05-31 19:00:00+00:00, run_after=2026-05-31 20:00:00+00:00
[2026-05-31T19:47:08.543+0000] {processor.py:183} INFO - Processing /opt/airflow/dags/weather_dag.py took 0.665 seconds
[2026-05-31T19:47:39.011+0000] {processor.py:161} INFO - Started process (PID=1080) to work on /opt/airflow/dags/weather_dag.py
[2026-05-31T19:47:39.013+0000] {processor.py:830} INFO - Processing file /opt/airflow/dags/weather_dag.py for tasks to queue
[2026-05-31T19:47:39.021+0000] {logging_mixin.py:188} INFO - [2026-05-31T19:47:39.020+0000] {dagbag.py:545} INFO - Filling up the DagBag from /opt/airflow/dags/weather_dag.py
[2026-05-31T19:47:39.480+0000] {processor.py:840} INFO - DAG(s) 'weather_pipeline' retrieved from /opt/airflow/dags/weather_dag.py
[2026-05-31T19:47:39.565+0000] {logging_mixin.py:188} INFO - [2026-05-31T19:47:39.564+0000] {dag.py:3096} INFO - Sync 1 DAGs
[2026-05-31T19:47:39.650+0000] {logging_mixin.py:188} INFO - [2026-05-31T19:47:39.649+0000] {dag.py:3954} INFO - Setting next_dagrun for weather_pipeline to 2026-05-31 19:00:00+00:00, run_after=2026-05-31 20:00:00+00:00
[2026-05-31T19:47:39.703+0000] {processor.py:183} INFO - Processing /opt/airflow/dags/weather_dag.py took 0.718 seconds
[2026-05-31T19:48:10.118+0000] {processor.py:161} INFO - Started process (PID=1088) to work on /opt/airflow/dags/weather_dag.py
[2026-05-31T19:48:10.121+0000] {processor.py:830} INFO - Processing file /opt/airflow/dags/weather_dag.py for tasks to queue
[2026-05-31T19:48:10.126+0000] {logging_mixin.py:188} INFO - [2026-05-31T19:48:10.125+0000] {dagbag.py:545} INFO - Filling up the DagBag from /opt/airflow/dags/weather_dag.py
[2026-05-31T19:48:10.597+0000] {processor.py:840} INFO - DAG(s) 'weather_pipeline' retrieved from /opt/airflow/dags/weather_dag.py
[2026-05-31T19:48:10.658+0000] {logging_mixin.py:188} INFO - [2026-05-31T19:48:10.657+0000] {dag.py:3096} INFO - Sync 1 DAGs
[2026-05-31T19:48:10.720+0000] {logging_mixin.py:188} INFO - [2026-05-31T19:48:10.719+0000] {dag.py:3954} INFO - Setting next_dagrun for weather_pipeline to 2026-05-31 19:00:00+00:00, run_after=2026-05-31 20:00:00+00:00
[2026-05-31T19:48:10.776+0000] {processor.py:183} INFO - Processing /opt/airflow/dags/weather_dag.py took 0.669 seconds
[2026-05-31T19:48:41.065+0000] {processor.py:161} INFO - Started process (PID=1100) to work on /opt/airflow/dags/weather_dag.py
[2026-05-31T19:48:41.067+0000] {processor.py:830} INFO - Processing file /opt/airflow/dags/weather_dag.py for tasks to queue
[2026-05-31T19:48:41.073+0000] {logging_mixin.py:188} INFO - [2026-05-31T19:48:41.072+0000] {dagbag.py:545} INFO - Filling up the DagBag from /opt/airflow/dags/weather_dag.py
[2026-05-31T19:48:41.469+0000] {processor.py:840} INFO - DAG(s) 'weather_pipeline' retrieved from /opt/airflow/dags/weather_dag.py
[2026-05-31T19:48:41.554+0000] {logging_mixin.py:188} INFO - [2026-05-31T19:48:41.554+0000] {dag.py:3096} INFO - Sync 1 DAGs
[2026-05-31T19:48:41.653+0000] {logging_mixin.py:188} INFO - [2026-05-31T19:48:41.652+0000] {dag.py:3954} INFO - Setting next_dagrun for weather_pipeline to 2026-05-31 19:00:00+00:00, run_after=2026-05-31 20:00:00+00:00
[2026-05-31T19:48:41.735+0000] {processor.py:183} INFO - Processing /opt/airflow/dags/weather_dag.py took 0.686 seconds
[2026-05-31T19:49:12.138+0000] {processor.py:161} INFO - Started process (PID=1108) to work on /opt/airflow/dags/weather_dag.py
[2026-05-31T19:49:12.140+0000] {processor.py:830} INFO - Processing file /opt/airflow/dags/weather_dag.py for tasks to queue
[2026-05-31T19:49:12.145+0000] {logging_mixin.py:188} INFO - [2026-05-31T19:49:12.144+0000] {dagbag.py:545} INFO - Filling up the DagBag from /opt/airflow/dags/weather_dag.py
[2026-05-31T19:49:12.467+0000] {processor.py:840} INFO - DAG(s) 'weather_pipeline' retrieved from /opt/airflow/dags/weather_dag.py
[2026-05-31T19:49:12.530+0000] {logging_mixin.py:188} INFO - [2026-05-31T19:49:12.530+0000] {dag.py:3096} INFO - Sync 1 DAGs
[2026-05-31T19:49:12.579+0000] {logging_mixin.py:188} INFO - [2026-05-31T19:49:12.579+0000] {dag.py:3954} INFO - Setting next_dagrun for weather_pipeline to 2026-05-31 19:00:00+00:00, run_after=2026-05-31 20:00:00+00:00
[2026-05-31T19:49:12.621+0000] {processor.py:183} INFO - Processing /opt/airflow/dags/weather_dag.py took 0.501 seconds
[2026-05-31T19:49:42.846+0000] {processor.py:161} INFO - Started process (PID=1116) to work on /opt/airflow/dags/weather_dag.py
[2026-05-31T19:49:42.848+0000] {processor.py:830} INFO - Processing file /opt/airflow/dags/weather_dag.py for tasks to queue
[2026-05-31T19:49:42.853+0000] {logging_mixin.py:188} INFO - [2026-05-31T19:49:42.853+0000] {dagbag.py:545} INFO - Filling up the DagBag from /opt/airflow/dags/weather_dag.py
[2026-05-31T19:49:43.359+0000] {processor.py:840} INFO - DAG(s) 'weather_pipeline' retrieved from /opt/airflow/dags/weather_dag.py
[2026-05-31T19:49:43.454+0000] {logging_mixin.py:188} INFO - [2026-05-31T19:49:43.452+0000] {dag.py:3096} INFO - Sync 1 DAGs
[2026-05-31T19:49:43.520+0000] {logging_mixin.py:188} INFO - [2026-05-31T19:49:43.520+0000] {dag.py:3954} INFO - Setting next_dagrun for weather_pipeline to 2026-05-31 19:00:00+00:00, run_after=2026-05-31 20:00:00+00:00
[2026-05-31T19:49:43.575+0000] {processor.py:183} INFO - Processing /opt/airflow/dags/weather_dag.py took 0.742 seconds
[2026-05-31T19:50:13.963+0000] {processor.py:161} INFO - Started process (PID=1124) to work on /opt/airflow/dags/weather_dag.py
[2026-05-31T19:50:13.965+0000] {processor.py:830} INFO - Processing file /opt/airflow/dags/weather_dag.py for tasks to queue
[2026-05-31T19:50:13.969+0000] {logging_mixin.py:188} INFO - [2026-05-31T19:50:13.969+0000] {dagbag.py:545} INFO - Filling up the DagBag from /opt/airflow/dags/weather_dag.py
[2026-05-31T19:50:14.345+0000] {processor.py:840} INFO - DAG(s) 'weather_pipeline' retrieved from /opt/airflow/dags/weather_dag.py
[2026-05-31T19:50:14.416+0000] {logging_mixin.py:188} INFO - [2026-05-31T19:50:14.415+0000] {dag.py:3096} INFO - Sync 1 DAGs
[2026-05-31T19:50:14.477+0000] {logging_mixin.py:188} INFO - [2026-05-31T19:50:14.477+0000] {dag.py:3954} INFO - Setting next_dagrun for weather_pipeline to 2026-05-31 19:00:00+00:00, run_after=2026-05-31 20:00:00+00:00
[2026-05-31T19:50:14.520+0000] {processor.py:183} INFO - Processing /opt/airflow/dags/weather_dag.py took 0.572 seconds
[2026-05-31T19:50:44.924+0000] {processor.py:161} INFO - Started process (PID=1132) to work on /opt/airflow/dags/weather_dag.py
[2026-05-31T19:50:44.927+0000] {processor.py:830} INFO - Processing file /opt/airflow/dags/weather_dag.py for tasks to queue
[2026-05-31T19:50:44.932+0000] {logging_mixin.py:188} INFO - [2026-05-31T19:50:44.931+0000] {dagbag.py:545} INFO - Filling up the DagBag from /opt/airflow/dags/weather_dag.py
[2026-05-31T19:50:45.386+0000] {processor.py:840} INFO - DAG(s) 'weather_pipeline' retrieved from /opt/airflow/dags/weather_dag.py
[2026-05-31T19:50:45.451+0000] {logging_mixin.py:188} INFO - [2026-05-31T19:50:45.450+0000] {dag.py:3096} INFO - Sync 1 DAGs
[2026-05-31T19:50:45.505+0000] {logging_mixin.py:188} INFO - [2026-05-31T19:50:45.505+0000] {dag.py:3954} INFO - Setting next_dagrun for weather_pipeline to 2026-05-31 19:00:00+00:00, run_after=2026-05-31 20:00:00+00:00
[2026-05-31T19:50:45.550+0000] {processor.py:183} INFO - Processing /opt/airflow/dags/weather_dag.py took 0.648 seconds
[2026-05-31T19:51:15.915+0000] {processor.py:161} INFO - Started process (PID=1140) to work on /opt/airflow/dags/weather_dag.py
[2026-05-31T19:51:15.918+0000] {processor.py:830} INFO - Processing file /opt/airflow/dags/weather_dag.py for tasks to queue
[2026-05-31T19:51:15.923+0000] {logging_mixin.py:188} INFO - [2026-05-31T19:51:15.923+0000] {dagbag.py:545} INFO - Filling up the DagBag from /opt/airflow/dags/weather_dag.py
[2026-05-31T19:51:16.330+0000] {processor.py:840} INFO - DAG(s) 'weather_pipeline' retrieved from /opt/airflow/dags/weather_dag.py
[2026-05-31T19:51:16.390+0000] {logging_mixin.py:188} INFO - [2026-05-31T19:51:16.388+0000] {dag.py:3096} INFO - Sync 1 DAGs
[2026-05-31T19:51:16.445+0000] {logging_mixin.py:188} INFO - [2026-05-31T19:51:16.445+0000] {dag.py:3954} INFO - Setting next_dagrun for weather_pipeline to 2026-05-31 19:00:00+00:00, run_after=2026-05-31 20:00:00+00:00
[2026-05-31T19:51:16.510+0000] {processor.py:183} INFO - Processing /opt/airflow/dags/weather_dag.py took 0.608 seconds
[2026-05-31T19:51:46.995+0000] {processor.py:161} INFO - Started process (PID=1148) to work on /opt/airflow/dags/weather_dag.py
[2026-05-31T19:51:47.000+0000] {processor.py:830} INFO - Processing file /opt/airflow/dags/weather_dag.py for tasks to queue
[2026-05-31T19:51:47.005+0000] {logging_mixin.py:188} INFO - [2026-05-31T19:51:47.004+0000] {dagbag.py:545} INFO - Filling up the DagBag from /opt/airflow/dags/weather_dag.py
[2026-05-31T19:51:47.443+0000] {processor.py:840} INFO - DAG(s) 'weather_pipeline' retrieved from /opt/airflow/dags/weather_dag.py
[2026-05-31T19:51:47.517+0000] {logging_mixin.py:188} INFO - [2026-05-31T19:51:47.516+0000] {dag.py:3096} INFO - Sync 1 DAGs
[2026-05-31T19:51:47.606+0000] {logging_mixin.py:188} INFO - [2026-05-31T19:51:47.605+0000] {dag.py:3954} INFO - Setting next_dagrun for weather_pipeline to 2026-05-31 19:00:00+00:00, run_after=2026-05-31 20:00:00+00:00
[2026-05-31T19:51:47.662+0000] {processor.py:183} INFO - Processing /opt/airflow/dags/weather_dag.py took 0.682 seconds
[2026-05-31T19:52:18.105+0000] {processor.py:161} INFO - Started process (PID=1156) to work on /opt/airflow/dags/weather_dag.py
[2026-05-31T19:52:18.109+0000] {processor.py:830} INFO - Processing file /opt/airflow/dags/weather_dag.py for tasks to queue
[2026-05-31T19:52:18.114+0000] {logging_mixin.py:188} INFO - [2026-05-31T19:52:18.113+0000] {dagbag.py:545} INFO - Filling up the DagBag from /opt/airflow/dags/weather_dag.py
[2026-05-31T19:52:18.556+0000] {processor.py:840} INFO - DAG(s) 'weather_pipeline' retrieved from /opt/airflow/dags/weather_dag.py
[2026-05-31T19:52:18.609+0000] {logging_mixin.py:188} INFO - [2026-05-31T19:52:18.608+0000] {dag.py:3096} INFO - Sync 1 DAGs
[2026-05-31T19:52:18.662+0000] {logging_mixin.py:188} INFO - [2026-05-31T19:52:18.662+0000] {dag.py:3954} INFO - Setting next_dagrun for weather_pipeline to 2026-05-31 19:00:00+00:00, run_after=2026-05-31 20:00:00+00:00
[2026-05-31T19:52:18.702+0000] {processor.py:183} INFO - Processing /opt/airflow/dags/weather_dag.py took 0.613 seconds
[2026-05-31T19:52:48.962+0000] {processor.py:161} INFO - Started process (PID=1164) to work on /opt/airflow/dags/weather_dag.py
[2026-05-31T19:52:48.965+0000] {processor.py:830} INFO - Processing file /opt/airflow/dags/weather_dag.py for tasks to queue
[2026-05-31T19:52:48.971+0000] {logging_mixin.py:188} INFO - [2026-05-31T19:52:48.970+0000] {dagbag.py:545} INFO - Filling up the DagBag from /opt/airflow/dags/weather_dag.py
[2026-05-31T19:52:49.397+0000] {processor.py:840} INFO - DAG(s) 'weather_pipeline' retrieved from /opt/airflow/dags/weather_dag.py
[2026-05-31T19:52:49.476+0000] {logging_mixin.py:188} INFO - [2026-05-31T19:52:49.467+0000] {dag.py:3096} INFO - Sync 1 DAGs
[2026-05-31T19:52:49.554+0000] {logging_mixin.py:188} INFO - [2026-05-31T19:52:49.553+0000] {dag.py:3954} INFO - Setting next_dagrun for weather_pipeline to 2026-05-31 19:00:00+00:00, run_after=2026-05-31 20:00:00+00:00
[2026-05-31T19:52:49.605+0000] {processor.py:183} INFO - Processing /opt/airflow/dags/weather_dag.py took 0.662 seconds
[2026-05-31T19:53:20.166+0000] {processor.py:161} INFO - Started process (PID=1172) to work on /opt/airflow/dags/weather_dag.py
[2026-05-31T19:53:20.170+0000] {processor.py:830} INFO - Processing file /opt/airflow/dags/weather_dag.py for tasks to queue
[2026-05-31T19:53:20.176+0000] {logging_mixin.py:188} INFO - [2026-05-31T19:53:20.175+0000] {dagbag.py:545} INFO - Filling up the DagBag from /opt/airflow/dags/weather_dag.py
[2026-05-31T19:53:20.614+0000] {processor.py:840} INFO - DAG(s) 'weather_pipeline' retrieved from /opt/airflow/dags/weather_dag.py
[2026-05-31T19:53:20.678+0000] {logging_mixin.py:188} INFO - [2026-05-31T19:53:20.677+0000] {dag.py:3096} INFO - Sync 1 DAGs
[2026-05-31T19:53:20.735+0000] {logging_mixin.py:188} INFO - [2026-05-31T19:53:20.734+0000] {dag.py:3954} INFO - Setting next_dagrun for weather_pipeline to 2026-05-31 19:00:00+00:00, run_after=2026-05-31 20:00:00+00:00
[2026-05-31T19:53:20.783+0000] {processor.py:183} INFO - Processing /opt/airflow/dags/weather_dag.py took 0.633 seconds
[2026-05-31T19:53:51.212+0000] {processor.py:161} INFO - Started process (PID=1181) to work on /opt/airflow/dags/weather_dag.py
[2026-05-31T19:53:51.228+0000] {processor.py:830} INFO - Processing file /opt/airflow/dags/weather_dag.py for tasks to queue
[2026-05-31T19:53:51.242+0000] {logging_mixin.py:188} INFO - [2026-05-31T19:53:51.241+0000] {dagbag.py:545} INFO - Filling up the DagBag from /opt/airflow/dags/weather_dag.py
[2026-05-31T19:53:51.788+0000] {processor.py:840} INFO - DAG(s) 'weather_pipeline' retrieved from /opt/airflow/dags/weather_dag.py
[2026-05-31T19:53:51.896+0000] {logging_mixin.py:188} INFO - [2026-05-31T19:53:51.895+0000] {dag.py:3096} INFO - Sync 1 DAGs
[2026-05-31T19:53:52.076+0000] {logging_mixin.py:188} INFO - [2026-05-31T19:53:52.072+0000] {dag.py:3954} INFO - Setting next_dagrun for weather_pipeline to 2026-05-31 19:00:00+00:00, run_after=2026-05-31 20:00:00+00:00
[2026-05-31T19:53:52.195+0000] {processor.py:183} INFO - Processing /opt/airflow/dags/weather_dag.py took 1.004 seconds
[2026-05-31T19:55:28.194+0000] {processor.py:161} INFO - Started process (PID=87) to work on /opt/airflow/dags/weather_dag.py
[2026-05-31T19:55:28.245+0000] {processor.py:830} INFO - Processing file /opt/airflow/dags/weather_dag.py for tasks to queue
[2026-05-31T19:55:28.254+0000] {logging_mixin.py:188} INFO - [2026-05-31T19:55:28.253+0000] {dagbag.py:545} INFO - Filling up the DagBag from /opt/airflow/dags/weather_dag.py
[2026-05-31T19:55:29.139+0000] {processor.py:840} INFO - DAG(s) 'weather_pipeline' retrieved from /opt/airflow/dags/weather_dag.py
[2026-05-31T19:55:29.549+0000] {logging_mixin.py:188} INFO - [2026-05-31T19:55:29.548+0000] {dag.py:3096} INFO - Sync 1 DAGs
[2026-05-31T19:55:29.618+0000] {logging_mixin.py:188} INFO - [2026-05-31T19:55:29.617+0000] {dag.py:3954} INFO - Setting next_dagrun for weather_pipeline to 2026-05-31 19:00:00+00:00, run_after=2026-05-31 20:00:00+00:00
[2026-05-31T19:55:29.774+0000] {processor.py:183} INFO - Processing /opt/airflow/dags/weather_dag.py took 1.644 seconds
[2026-05-31T19:56:00.603+0000] {processor.py:161} INFO - Started process (PID=95) to work on /opt/airflow/dags/weather_dag.py
[2026-05-31T19:56:00.613+0000] {processor.py:830} INFO - Processing file /opt/airflow/dags/weather_dag.py for tasks to queue
[2026-05-31T19:56:00.620+0000] {logging_mixin.py:188} INFO - [2026-05-31T19:56:00.619+0000] {dagbag.py:545} INFO - Filling up the DagBag from /opt/airflow/dags/weather_dag.py
[2026-05-31T19:56:01.240+0000] {processor.py:840} INFO - DAG(s) 'weather_pipeline' retrieved from /opt/airflow/dags/weather_dag.py
[2026-05-31T19:56:01.303+0000] {logging_mixin.py:188} INFO - [2026-05-31T19:56:01.302+0000] {dag.py:3096} INFO - Sync 1 DAGs
[2026-05-31T19:56:01.371+0000] {logging_mixin.py:188} INFO - [2026-05-31T19:56:01.370+0000] {dag.py:3954} INFO - Setting next_dagrun for weather_pipeline to 2026-05-31 19:00:00+00:00, run_after=2026-05-31 20:00:00+00:00
[2026-05-31T19:56:01.417+0000] {processor.py:183} INFO - Processing /opt/airflow/dags/weather_dag.py took 0.847 seconds
[2026-05-31T19:56:31.748+0000] {processor.py:161} INFO - Started process (PID=103) to work on /opt/airflow/dags/weather_dag.py
[2026-05-31T19:56:31.750+0000] {processor.py:830} INFO - Processing file /opt/airflow/dags/weather_dag.py for tasks to queue
[2026-05-31T19:56:31.754+0000] {logging_mixin.py:188} INFO - [2026-05-31T19:56:31.754+0000] {dagbag.py:545} INFO - Filling up the DagBag from /opt/airflow/dags/weather_dag.py
[2026-05-31T19:56:32.166+0000] {processor.py:840} INFO - DAG(s) 'weather_pipeline' retrieved from /opt/airflow/dags/weather_dag.py
[2026-05-31T19:56:32.234+0000] {logging_mixin.py:188} INFO - [2026-05-31T19:56:32.233+0000] {dag.py:3096} INFO - Sync 1 DAGs
[2026-05-31T19:56:32.291+0000] {logging_mixin.py:188} INFO - [2026-05-31T19:56:32.290+0000] {dag.py:3954} INFO - Setting next_dagrun for weather_pipeline to 2026-05-31 19:00:00+00:00, run_after=2026-05-31 20:00:00+00:00
[2026-05-31T19:56:32.353+0000] {processor.py:183} INFO - Processing /opt/airflow/dags/weather_dag.py took 0.619 seconds
[2026-05-31T19:57:02.749+0000] {processor.py:161} INFO - Started process (PID=111) to work on /opt/airflow/dags/weather_dag.py
[2026-05-31T19:57:02.751+0000] {processor.py:830} INFO - Processing file /opt/airflow/dags/weather_dag.py for tasks to queue
[2026-05-31T19:57:02.756+0000] {logging_mixin.py:188} INFO - [2026-05-31T19:57:02.755+0000] {dagbag.py:545} INFO - Filling up the DagBag from /opt/airflow/dags/weather_dag.py
[2026-05-31T19:57:03.315+0000] {processor.py:840} INFO - DAG(s) 'weather_pipeline' retrieved from /opt/airflow/dags/weather_dag.py
[2026-05-31T19:57:03.394+0000] {logging_mixin.py:188} INFO - [2026-05-31T19:57:03.393+0000] {dag.py:3096} INFO - Sync 1 DAGs
[2026-05-31T19:57:03.453+0000] {logging_mixin.py:188} INFO - [2026-05-31T19:57:03.453+0000] {dag.py:3954} INFO - Setting next_dagrun for weather_pipeline to 2026-05-31 19:00:00+00:00, run_after=2026-05-31 20:00:00+00:00
[2026-05-31T19:57:03.503+0000] {processor.py:183} INFO - Processing /opt/airflow/dags/weather_dag.py took 0.768 seconds
[2026-05-31T19:57:34.248+0000] {processor.py:161} INFO - Started process (PID=119) to work on /opt/airflow/dags/weather_dag.py
[2026-05-31T19:57:34.251+0000] {processor.py:830} INFO - Processing file /opt/airflow/dags/weather_dag.py for tasks to queue
[2026-05-31T19:57:34.256+0000] {logging_mixin.py:188} INFO - [2026-05-31T19:57:34.255+0000] {dagbag.py:545} INFO - Filling up the DagBag from /opt/airflow/dags/weather_dag.py
[2026-05-31T19:57:34.612+0000] {processor.py:840} INFO - DAG(s) 'weather_pipeline' retrieved from /opt/airflow/dags/weather_dag.py
[2026-05-31T19:57:34.678+0000] {logging_mixin.py:188} INFO - [2026-05-31T19:57:34.677+0000] {dag.py:3096} INFO - Sync 1 DAGs
[2026-05-31T19:57:34.753+0000] {logging_mixin.py:188} INFO - [2026-05-31T19:57:34.753+0000] {dag.py:3954} INFO - Setting next_dagrun for weather_pipeline to 2026-05-31 19:00:00+00:00, run_after=2026-05-31 20:00:00+00:00
[2026-05-31T19:57:34.819+0000] {processor.py:183} INFO - Processing /opt/airflow/dags/weather_dag.py took 0.587 seconds
[2026-05-31T19:58:05.234+0000] {processor.py:161} INFO - Started process (PID=127) to work on /opt/airflow/dags/weather_dag.py
[2026-05-31T19:58:05.237+0000] {processor.py:830} INFO - Processing file /opt/airflow/dags/weather_dag.py for tasks to queue
[2026-05-31T19:58:05.242+0000] {logging_mixin.py:188} INFO - [2026-05-31T19:58:05.242+0000] {dagbag.py:545} INFO - Filling up the DagBag from /opt/airflow/dags/weather_dag.py
[2026-05-31T19:58:05.677+0000] {processor.py:840} INFO - DAG(s) 'weather_pipeline' retrieved from /opt/airflow/dags/weather_dag.py
[2026-05-31T19:58:05.760+0000] {logging_mixin.py:188} INFO - [2026-05-31T19:58:05.759+0000] {dag.py:3096} INFO - Sync 1 DAGs
[2026-05-31T19:58:05.841+0000] {logging_mixin.py:188} INFO - [2026-05-31T19:58:05.840+0000] {dag.py:3954} INFO - Setting next_dagrun for weather_pipeline to 2026-05-31 19:00:00+00:00, run_after=2026-05-31 20:00:00+00:00
[2026-05-31T19:58:05.898+0000] {processor.py:183} INFO - Processing /opt/airflow/dags/weather_dag.py took 0.684 seconds
[2026-05-31T19:58:36.357+0000] {processor.py:161} INFO - Started process (PID=135) to work on /opt/airflow/dags/weather_dag.py
[2026-05-31T19:58:36.359+0000] {processor.py:830} INFO - Processing file /opt/airflow/dags/weather_dag.py for tasks to queue
[2026-05-31T19:58:36.368+0000] {logging_mixin.py:188} INFO - [2026-05-31T19:58:36.367+0000] {dagbag.py:545} INFO - Filling up the DagBag from /opt/airflow/dags/weather_dag.py
[2026-05-31T19:58:36.759+0000] {processor.py:840} INFO - DAG(s) 'weather_pipeline' retrieved from /opt/airflow/dags/weather_dag.py
[2026-05-31T19:58:36.847+0000] {logging_mixin.py:188} INFO - [2026-05-31T19:58:36.846+0000] {dag.py:3096} INFO - Sync 1 DAGs
[2026-05-31T19:58:36.921+0000] {logging_mixin.py:188} INFO - [2026-05-31T19:58:36.920+0000] {dag.py:3954} INFO - Setting next_dagrun for weather_pipeline to 2026-05-31 19:00:00+00:00, run_after=2026-05-31 20:00:00+00:00
[2026-05-31T19:58:37.000+0000] {processor.py:183} INFO - Processing /opt/airflow/dags/weather_dag.py took 0.661 seconds
[2026-05-31T19:59:07.406+0000] {processor.py:161} INFO - Started process (PID=143) to work on /opt/airflow/dags/weather_dag.py
[2026-05-31T19:59:07.408+0000] {processor.py:830} INFO - Processing file /opt/airflow/dags/weather_dag.py for tasks to queue
[2026-05-31T19:59:07.413+0000] {logging_mixin.py:188} INFO - [2026-05-31T19:59:07.413+0000] {dagbag.py:545} INFO - Filling up the DagBag from /opt/airflow/dags/weather_dag.py
[2026-05-31T19:59:07.755+0000] {processor.py:840} INFO - DAG(s) 'weather_pipeline' retrieved from /opt/airflow/dags/weather_dag.py
[2026-05-31T19:59:07.812+0000] {logging_mixin.py:188} INFO - [2026-05-31T19:59:07.811+0000] {dag.py:3096} INFO - Sync 1 DAGs
[2026-05-31T19:59:07.860+0000] {logging_mixin.py:188} INFO - [2026-05-31T19:59:07.859+0000] {dag.py:3954} INFO - Setting next_dagrun for weather_pipeline to 2026-05-31 19:00:00+00:00, run_after=2026-05-31 20:00:00+00:00
[2026-05-31T19:59:07.918+0000] {processor.py:183} INFO - Processing /opt/airflow/dags/weather_dag.py took 0.525 seconds
[2026-05-31T19:59:38.377+0000] {processor.py:161} INFO - Started process (PID=151) to work on /opt/airflow/dags/weather_dag.py
[2026-05-31T19:59:38.379+0000] {processor.py:830} INFO - Processing file /opt/airflow/dags/weather_dag.py for tasks to queue
[2026-05-31T19:59:38.389+0000] {logging_mixin.py:188} INFO - [2026-05-31T19:59:38.388+0000] {dagbag.py:545} INFO - Filling up the DagBag from /opt/airflow/dags/weather_dag.py
[2026-05-31T19:59:38.714+0000] {processor.py:840} INFO - DAG(s) 'weather_pipeline' retrieved from /opt/airflow/dags/weather_dag.py
[2026-05-31T19:59:38.763+0000] {logging_mixin.py:188} INFO - [2026-05-31T19:59:38.762+0000] {dag.py:3096} INFO - Sync 1 DAGs
[2026-05-31T19:59:38.805+0000] {logging_mixin.py:188} INFO - [2026-05-31T19:59:38.805+0000] {dag.py:3954} INFO - Setting next_dagrun for weather_pipeline to 2026-05-31 19:00:00+00:00, run_after=2026-05-31 20:00:00+00:00
[2026-05-31T19:59:38.847+0000] {processor.py:183} INFO - Processing /opt/airflow/dags/weather_dag.py took 0.484 seconds
[2026-05-31T20:00:09.190+0000] {processor.py:161} INFO - Started process (PID=159) to work on /opt/airflow/dags/weather_dag.py
[2026-05-31T20:00:09.193+0000] {processor.py:830} INFO - Processing file /opt/airflow/dags/weather_dag.py for tasks to queue
[2026-05-31T20:00:09.198+0000] {logging_mixin.py:188} INFO - [2026-05-31T20:00:09.198+0000] {dagbag.py:545} INFO - Filling up the DagBag from /opt/airflow/dags/weather_dag.py
[2026-05-31T20:00:09.529+0000] {processor.py:840} INFO - DAG(s) 'weather_pipeline' retrieved from /opt/airflow/dags/weather_dag.py
[2026-05-31T20:00:09.587+0000] {logging_mixin.py:188} INFO - [2026-05-31T20:00:09.587+0000] {dag.py:3096} INFO - Sync 1 DAGs
[2026-05-31T20:00:09.631+0000] {logging_mixin.py:188} INFO - [2026-05-31T20:00:09.630+0000] {dag.py:3954} INFO - Setting next_dagrun for weather_pipeline to 2026-05-31 19:00:00+00:00, run_after=2026-05-31 20:00:00+00:00
[2026-05-31T20:00:09.673+0000] {processor.py:183} INFO - Processing /opt/airflow/dags/weather_dag.py took 0.504 seconds
[2026-05-31T20:00:40.038+0000] {processor.py:161} INFO - Started process (PID=167) to work on /opt/airflow/dags/weather_dag.py
[2026-05-31T20:00:40.040+0000] {processor.py:830} INFO - Processing file /opt/airflow/dags/weather_dag.py for tasks to queue
[2026-05-31T20:00:40.045+0000] {logging_mixin.py:188} INFO - [2026-05-31T20:00:40.044+0000] {dagbag.py:545} INFO - Filling up the DagBag from /opt/airflow/dags/weather_dag.py
[2026-05-31T20:00:40.358+0000] {processor.py:840} INFO - DAG(s) 'weather_pipeline' retrieved from /opt/airflow/dags/weather_dag.py
[2026-05-31T20:00:40.421+0000] {logging_mixin.py:188} INFO - [2026-05-31T20:00:40.420+0000] {dag.py:3096} INFO - Sync 1 DAGs
[2026-05-31T20:00:40.470+0000] {logging_mixin.py:188} INFO - [2026-05-31T20:00:40.469+0000] {dag.py:3954} INFO - Setting next_dagrun for weather_pipeline to 2026-05-31 19:00:00+00:00, run_after=2026-05-31 20:00:00+00:00
[2026-05-31T20:00:40.514+0000] {processor.py:183} INFO - Processing /opt/airflow/dags/weather_dag.py took 0.487 seconds
[2026-05-31T20:01:10.697+0000] {processor.py:161} INFO - Started process (PID=175) to work on /opt/airflow/dags/weather_dag.py
[2026-05-31T20:01:10.700+0000] {processor.py:830} INFO - Processing file /opt/airflow/dags/weather_dag.py for tasks to queue
[2026-05-31T20:01:10.707+0000] {logging_mixin.py:188} INFO - [2026-05-31T20:01:10.704+0000] {dagbag.py:545} INFO - Filling up the DagBag from /opt/airflow/dags/weather_dag.py
[2026-05-31T20:01:11.258+0000] {processor.py:840} INFO - DAG(s) 'weather_pipeline' retrieved from /opt/airflow/dags/weather_dag.py
[2026-05-31T20:01:11.328+0000] {logging_mixin.py:188} INFO - [2026-05-31T20:01:11.324+0000] {dag.py:3096} INFO - Sync 1 DAGs
[2026-05-31T20:01:11.394+0000] {logging_mixin.py:188} INFO - [2026-05-31T20:01:11.393+0000] {dag.py:3954} INFO - Setting next_dagrun for weather_pipeline to 2026-05-31 19:00:00+00:00, run_after=2026-05-31 20:00:00+00:00
[2026-05-31T20:01:11.437+0000] {processor.py:183} INFO - Processing /opt/airflow/dags/weather_dag.py took 0.759 seconds
[2026-05-31T20:01:41.767+0000] {processor.py:161} INFO - Started process (PID=183) to work on /opt/airflow/dags/weather_dag.py
[2026-05-31T20:01:41.769+0000] {processor.py:830} INFO - Processing file /opt/airflow/dags/weather_dag.py for tasks to queue
[2026-05-31T20:01:41.774+0000] {logging_mixin.py:188} INFO - [2026-05-31T20:01:41.773+0000] {dagbag.py:545} INFO - Filling up the DagBag from /opt/airflow/dags/weather_dag.py
[2026-05-31T20:01:42.091+0000] {processor.py:840} INFO - DAG(s) 'weather_pipeline' retrieved from /opt/airflow/dags/weather_dag.py
[2026-05-31T20:01:42.168+0000] {logging_mixin.py:188} INFO - [2026-05-31T20:01:42.167+0000] {dag.py:3096} INFO - Sync 1 DAGs
[2026-05-31T20:01:42.218+0000] {logging_mixin.py:188} INFO - [2026-05-31T20:01:42.218+0000] {dag.py:3954} INFO - Setting next_dagrun for weather_pipeline to 2026-05-31 19:00:00+00:00, run_after=2026-05-31 20:00:00+00:00
[2026-05-31T20:01:42.264+0000] {processor.py:183} INFO - Processing /opt/airflow/dags/weather_dag.py took 0.510 seconds
[2026-05-31T20:02:12.379+0000] {processor.py:161} INFO - Started process (PID=191) to work on /opt/airflow/dags/weather_dag.py
[2026-05-31T20:02:12.381+0000] {processor.py:830} INFO - Processing file /opt/airflow/dags/weather_dag.py for tasks to queue
[2026-05-31T20:02:12.384+0000] {logging_mixin.py:188} INFO - [2026-05-31T20:02:12.384+0000] {dagbag.py:545} INFO - Filling up the DagBag from /opt/airflow/dags/weather_dag.py
[2026-05-31T20:02:12.733+0000] {processor.py:840} INFO - DAG(s) 'weather_pipeline' retrieved from /opt/airflow/dags/weather_dag.py
[2026-05-31T20:02:12.791+0000] {logging_mixin.py:188} INFO - [2026-05-31T20:02:12.790+0000] {dag.py:3096} INFO - Sync 1 DAGs
[2026-05-31T20:02:12.847+0000] {logging_mixin.py:188} INFO - [2026-05-31T20:02:12.847+0000] {dag.py:3954} INFO - Setting next_dagrun for weather_pipeline to 2026-05-31 19:00:00+00:00, run_after=2026-05-31 20:00:00+00:00
[2026-05-31T20:02:12.892+0000] {processor.py:183} INFO - Processing /opt/airflow/dags/weather_dag.py took 0.528 seconds
[2026-05-31T20:02:43.070+0000] {processor.py:161} INFO - Started process (PID=199) to work on /opt/airflow/dags/weather_dag.py
[2026-05-31T20:02:43.073+0000] {processor.py:830} INFO - Processing file /opt/airflow/dags/weather_dag.py for tasks to queue
[2026-05-31T20:02:43.078+0000] {logging_mixin.py:188} INFO - [2026-05-31T20:02:43.077+0000] {dagbag.py:545} INFO - Filling up the DagBag from /opt/airflow/dags/weather_dag.py
[2026-05-31T20:02:43.492+0000] {processor.py:840} INFO - DAG(s) 'weather_pipeline' retrieved from /opt/airflow/dags/weather_dag.py
[2026-05-31T20:02:43.562+0000] {logging_mixin.py:188} INFO - [2026-05-31T20:02:43.561+0000] {dag.py:3096} INFO - Sync 1 DAGs
[2026-05-31T20:02:43.612+0000] {logging_mixin.py:188} INFO - [2026-05-31T20:02:43.612+0000] {dag.py:3954} INFO - Setting next_dagrun for weather_pipeline to 2026-05-31 19:00:00+00:00, run_after=2026-05-31 20:00:00+00:00
[2026-05-31T20:02:43.658+0000] {processor.py:183} INFO - Processing /opt/airflow/dags/weather_dag.py took 0.599 seconds
[2026-05-31T20:03:13.955+0000] {processor.py:161} INFO - Started process (PID=207) to work on /opt/airflow/dags/weather_dag.py
[2026-05-31T20:03:13.957+0000] {processor.py:830} INFO - Processing file /opt/airflow/dags/weather_dag.py for tasks to queue
[2026-05-31T20:03:13.962+0000] {logging_mixin.py:188} INFO - [2026-05-31T20:03:13.961+0000] {dagbag.py:545} INFO - Filling up the DagBag from /opt/airflow/dags/weather_dag.py
[2026-05-31T20:03:14.303+0000] {processor.py:840} INFO - DAG(s) 'weather_pipeline' retrieved from /opt/airflow/dags/weather_dag.py
[2026-05-31T20:03:14.364+0000] {logging_mixin.py:188} INFO - [2026-05-31T20:03:14.363+0000] {dag.py:3096} INFO - Sync 1 DAGs
[2026-05-31T20:03:14.420+0000] {logging_mixin.py:188} INFO - [2026-05-31T20:03:14.420+0000] {dag.py:3954} INFO - Setting next_dagrun for weather_pipeline to 2026-05-31 19:00:00+00:00, run_after=2026-05-31 20:00:00+00:00
[2026-05-31T20:03:14.474+0000] {processor.py:183} INFO - Processing /opt/airflow/dags/weather_dag.py took 0.531 seconds
[2026-05-31T20:03:44.803+0000] {processor.py:161} INFO - Started process (PID=215) to work on /opt/airflow/dags/weather_dag.py
[2026-05-31T20:03:44.806+0000] {processor.py:830} INFO - Processing file /opt/airflow/dags/weather_dag.py for tasks to queue
[2026-05-31T20:03:44.812+0000] {logging_mixin.py:188} INFO - [2026-05-31T20:03:44.810+0000] {dagbag.py:545} INFO - Filling up the DagBag from /opt/airflow/dags/weather_dag.py
[2026-05-31T20:03:45.399+0000] {processor.py:840} INFO - DAG(s) 'weather_pipeline' retrieved from /opt/airflow/dags/weather_dag.py
[2026-05-31T20:03:45.469+0000] {logging_mixin.py:188} INFO - [2026-05-31T20:03:45.468+0000] {dag.py:3096} INFO - Sync 1 DAGs
[2026-05-31T20:03:45.550+0000] {logging_mixin.py:188} INFO - [2026-05-31T20:03:45.550+0000] {dag.py:3954} INFO - Setting next_dagrun for weather_pipeline to 2026-05-31 19:00:00+00:00, run_after=2026-05-31 20:00:00+00:00
[2026-05-31T20:03:45.605+0000] {processor.py:183} INFO - Processing /opt/airflow/dags/weather_dag.py took 0.816 seconds
[2026-05-31T20:04:15.922+0000] {processor.py:161} INFO - Started process (PID=223) to work on /opt/airflow/dags/weather_dag.py
[2026-05-31T20:04:15.924+0000] {processor.py:830} INFO - Processing file /opt/airflow/dags/weather_dag.py for tasks to queue
[2026-05-31T20:04:15.929+0000] {logging_mixin.py:188} INFO - [2026-05-31T20:04:15.928+0000] {dagbag.py:545} INFO - Filling up the DagBag from /opt/airflow/dags/weather_dag.py
[2026-05-31T20:04:16.345+0000] {processor.py:840} INFO - DAG(s) 'weather_pipeline' retrieved from /opt/airflow/dags/weather_dag.py
[2026-05-31T20:04:16.418+0000] {logging_mixin.py:188} INFO - [2026-05-31T20:04:16.418+0000] {dag.py:3096} INFO - Sync 1 DAGs
[2026-05-31T20:04:16.475+0000] {logging_mixin.py:188} INFO - [2026-05-31T20:04:16.475+0000] {dag.py:3954} INFO - Setting next_dagrun for weather_pipeline to 2026-05-31 19:00:00+00:00, run_after=2026-05-31 20:00:00+00:00
[2026-05-31T20:04:16.524+0000] {processor.py:183} INFO - Processing /opt/airflow/dags/weather_dag.py took 0.619 seconds
[2026-05-31T20:04:46.817+0000] {processor.py:161} INFO - Started process (PID=232) to work on /opt/airflow/dags/weather_dag.py
[2026-05-31T20:04:46.819+0000] {processor.py:830} INFO - Processing file /opt/airflow/dags/weather_dag.py for tasks to queue
[2026-05-31T20:04:46.824+0000] {logging_mixin.py:188} INFO - [2026-05-31T20:04:46.823+0000] {dagbag.py:545} INFO - Filling up the DagBag from /opt/airflow/dags/weather_dag.py
[2026-05-31T20:04:47.160+0000] {processor.py:840} INFO - DAG(s) 'weather_pipeline' retrieved from /opt/airflow/dags/weather_dag.py
[2026-05-31T20:04:47.244+0000] {logging_mixin.py:188} INFO - [2026-05-31T20:04:47.242+0000] {dag.py:3096} INFO - Sync 1 DAGs
[2026-05-31T20:04:47.331+0000] {logging_mixin.py:188} INFO - [2026-05-31T20:04:47.330+0000] {dag.py:3954} INFO - Setting next_dagrun for weather_pipeline to 2026-05-31 19:00:00+00:00, run_after=2026-05-31 20:00:00+00:00
[2026-05-31T20:04:47.385+0000] {processor.py:183} INFO - Processing /opt/airflow/dags/weather_dag.py took 0.579 seconds
[2026-05-31T20:05:17.509+0000] {processor.py:161} INFO - Started process (PID=240) to work on /opt/airflow/dags/weather_dag.py
[2026-05-31T20:05:17.512+0000] {processor.py:830} INFO - Processing file /opt/airflow/dags/weather_dag.py for tasks to queue
[2026-05-31T20:05:17.516+0000] {logging_mixin.py:188} INFO - [2026-05-31T20:05:17.515+0000] {dagbag.py:545} INFO - Filling up the DagBag from /opt/airflow/dags/weather_dag.py
[2026-05-31T20:05:17.838+0000] {processor.py:840} INFO - DAG(s) 'weather_pipeline' retrieved from /opt/airflow/dags/weather_dag.py
[2026-05-31T20:05:17.890+0000] {logging_mixin.py:188} INFO - [2026-05-31T20:05:17.888+0000] {dag.py:3096} INFO - Sync 1 DAGs
[2026-05-31T20:05:17.932+0000] {logging_mixin.py:188} INFO - [2026-05-31T20:05:17.931+0000] {dag.py:3954} INFO - Setting next_dagrun for weather_pipeline to 2026-05-31 19:00:00+00:00, run_after=2026-05-31 20:00:00+00:00
[2026-05-31T20:05:17.974+0000] {processor.py:183} INFO - Processing /opt/airflow/dags/weather_dag.py took 0.477 seconds
[2026-05-31T20:05:48.098+0000] {processor.py:161} INFO - Started process (PID=248) to work on /opt/airflow/dags/weather_dag.py
[2026-05-31T20:05:48.100+0000] {processor.py:830} INFO - Processing file /opt/airflow/dags/weather_dag.py for tasks to queue
[2026-05-31T20:05:48.106+0000] {logging_mixin.py:188} INFO - [2026-05-31T20:05:48.105+0000] {dagbag.py:545} INFO - Filling up the DagBag from /opt/airflow/dags/weather_dag.py
[2026-05-31T20:05:48.601+0000] {processor.py:840} INFO - DAG(s) 'weather_pipeline' retrieved from /opt/airflow/dags/weather_dag.py
[2026-05-31T20:05:48.657+0000] {logging_mixin.py:188} INFO - [2026-05-31T20:05:48.656+0000] {dag.py:3096} INFO - Sync 1 DAGs
[2026-05-31T20:05:48.701+0000] {logging_mixin.py:188} INFO - [2026-05-31T20:05:48.700+0000] {dag.py:3954} INFO - Setting next_dagrun for weather_pipeline to 2026-05-31 19:00:00+00:00, run_after=2026-05-31 20:00:00+00:00
[2026-05-31T20:05:48.746+0000] {processor.py:183} INFO - Processing /opt/airflow/dags/weather_dag.py took 0.660 seconds
[2026-05-31T20:06:19.083+0000] {processor.py:161} INFO - Started process (PID=256) to work on /opt/airflow/dags/weather_dag.py
[2026-05-31T20:06:19.086+0000] {processor.py:830} INFO - Processing file /opt/airflow/dags/weather_dag.py for tasks to queue
[2026-05-31T20:06:19.090+0000] {logging_mixin.py:188} INFO - [2026-05-31T20:06:19.090+0000] {dagbag.py:545} INFO - Filling up the DagBag from /opt/airflow/dags/weather_dag.py
[2026-05-31T20:06:19.438+0000] {processor.py:840} INFO - DAG(s) 'weather_pipeline' retrieved from /opt/airflow/dags/weather_dag.py
[2026-05-31T20:06:19.495+0000] {logging_mixin.py:188} INFO - [2026-05-31T20:06:19.494+0000] {dag.py:3096} INFO - Sync 1 DAGs
[2026-05-31T20:06:19.599+0000] {logging_mixin.py:188} INFO - [2026-05-31T20:06:19.599+0000] {dag.py:3954} INFO - Setting next_dagrun for weather_pipeline to 2026-05-31 19:00:00+00:00, run_after=2026-05-31 20:00:00+00:00
[2026-05-31T20:06:19.646+0000] {processor.py:183} INFO - Processing /opt/airflow/dags/weather_dag.py took 0.575 seconds
[2026-05-31T20:06:49.887+0000] {processor.py:161} INFO - Started process (PID=264) to work on /opt/airflow/dags/weather_dag.py
[2026-05-31T20:06:49.888+0000] {processor.py:830} INFO - Processing file /opt/airflow/dags/weather_dag.py for tasks to queue
[2026-05-31T20:06:49.893+0000] {logging_mixin.py:188} INFO - [2026-05-31T20:06:49.892+0000] {dagbag.py:545} INFO - Filling up the DagBag from /opt/airflow/dags/weather_dag.py
[2026-05-31T20:06:50.245+0000] {processor.py:840} INFO - DAG(s) 'weather_pipeline' retrieved from /opt/airflow/dags/weather_dag.py
[2026-05-31T20:06:50.299+0000] {logging_mixin.py:188} INFO - [2026-05-31T20:06:50.298+0000] {dag.py:3096} INFO - Sync 1 DAGs
[2026-05-31T20:06:50.355+0000] {logging_mixin.py:188} INFO - [2026-05-31T20:06:50.354+0000] {dag.py:3954} INFO - Setting next_dagrun for weather_pipeline to 2026-05-31 19:00:00+00:00, run_after=2026-05-31 20:00:00+00:00
[2026-05-31T20:06:50.400+0000] {processor.py:183} INFO - Processing /opt/airflow/dags/weather_dag.py took 0.530 seconds
[2026-05-31T20:07:20.792+0000] {processor.py:161} INFO - Started process (PID=272) to work on /opt/airflow/dags/weather_dag.py
[2026-05-31T20:07:20.795+0000] {processor.py:830} INFO - Processing file /opt/airflow/dags/weather_dag.py for tasks to queue
[2026-05-31T20:07:20.802+0000] {logging_mixin.py:188} INFO - [2026-05-31T20:07:20.801+0000] {dagbag.py:545} INFO - Filling up the DagBag from /opt/airflow/dags/weather_dag.py
[2026-05-31T20:07:21.263+0000] {processor.py:840} INFO - DAG(s) 'weather_pipeline' retrieved from /opt/airflow/dags/weather_dag.py
[2026-05-31T20:07:21.364+0000] {logging_mixin.py:188} INFO - [2026-05-31T20:07:21.363+0000] {dag.py:3096} INFO - Sync 1 DAGs
[2026-05-31T20:07:21.423+0000] {logging_mixin.py:188} INFO - [2026-05-31T20:07:21.422+0000] {dag.py:3954} INFO - Setting next_dagrun for weather_pipeline to 2026-05-31 19:00:00+00:00, run_after=2026-05-31 20:00:00+00:00
[2026-05-31T20:07:21.470+0000] {processor.py:183} INFO - Processing /opt/airflow/dags/weather_dag.py took 0.694 seconds
[2026-05-31T20:07:51.569+0000] {processor.py:161} INFO - Started process (PID=280) to work on /opt/airflow/dags/weather_dag.py
[2026-05-31T20:07:51.571+0000] {processor.py:830} INFO - Processing file /opt/airflow/dags/weather_dag.py for tasks to queue
[2026-05-31T20:07:51.576+0000] {logging_mixin.py:188} INFO - [2026-05-31T20:07:51.575+0000] {dagbag.py:545} INFO - Filling up the DagBag from /opt/airflow/dags/weather_dag.py
[2026-05-31T20:07:51.959+0000] {processor.py:840} INFO - DAG(s) 'weather_pipeline' retrieved from /opt/airflow/dags/weather_dag.py
[2026-05-31T20:07:52.021+0000] {logging_mixin.py:188} INFO - [2026-05-31T20:07:52.020+0000] {dag.py:3096} INFO - Sync 1 DAGs
[2026-05-31T20:07:52.076+0000] {logging_mixin.py:188} INFO - [2026-05-31T20:07:52.075+0000] {dag.py:3954} INFO - Setting next_dagrun for weather_pipeline to 2026-05-31 19:00:00+00:00, run_after=2026-05-31 20:00:00+00:00
[2026-05-31T20:07:52.141+0000] {processor.py:183} INFO - Processing /opt/airflow/dags/weather_dag.py took 0.588 seconds
[2026-05-31T20:08:22.939+0000] {processor.py:161} INFO - Started process (PID=288) to work on /opt/airflow/dags/weather_dag.py
[2026-05-31T20:08:22.952+0000] {processor.py:830} INFO - Processing file /opt/airflow/dags/weather_dag.py for tasks to queue
[2026-05-31T20:08:22.991+0000] {logging_mixin.py:188} INFO - [2026-05-31T20:08:22.986+0000] {dagbag.py:545} INFO - Filling up the DagBag from /opt/airflow/dags/weather_dag.py
[2026-05-31T20:08:23.798+0000] {processor.py:840} INFO - DAG(s) 'weather_pipeline' retrieved from /opt/airflow/dags/weather_dag.py
[2026-05-31T20:08:23.855+0000] {logging_mixin.py:188} INFO - [2026-05-31T20:08:23.854+0000] {dag.py:3096} INFO - Sync 1 DAGs
[2026-05-31T20:08:23.906+0000] {logging_mixin.py:188} INFO - [2026-05-31T20:08:23.906+0000] {dag.py:3954} INFO - Setting next_dagrun for weather_pipeline to 2026-05-31 19:00:00+00:00, run_after=2026-05-31 20:00:00+00:00
[2026-05-31T20:08:23.954+0000] {processor.py:183} INFO - Processing /opt/airflow/dags/weather_dag.py took 1.035 seconds
[2026-05-31T20:08:54.797+0000] {processor.py:161} INFO - Started process (PID=296) to work on /opt/airflow/dags/weather_dag.py
[2026-05-31T20:08:54.800+0000] {processor.py:830} INFO - Processing file /opt/airflow/dags/weather_dag.py for tasks to queue
[2026-05-31T20:08:54.808+0000] {logging_mixin.py:188} INFO - [2026-05-31T20:08:54.806+0000] {dagbag.py:545} INFO - Filling up the DagBag from /opt/airflow/dags/weather_dag.py
[2026-05-31T20:08:55.286+0000] {processor.py:840} INFO - DAG(s) 'weather_pipeline' retrieved from /opt/airflow/dags/weather_dag.py
[2026-05-31T20:08:55.351+0000] {logging_mixin.py:188} INFO - [2026-05-31T20:08:55.350+0000] {dag.py:3096} INFO - Sync 1 DAGs
[2026-05-31T20:08:55.409+0000] {logging_mixin.py:188} INFO - [2026-05-31T20:08:55.409+0000] {dag.py:3954} INFO - Setting next_dagrun for weather_pipeline to 2026-05-31 19:00:00+00:00, run_after=2026-05-31 20:00:00+00:00
[2026-05-31T20:08:55.461+0000] {processor.py:183} INFO - Processing /opt/airflow/dags/weather_dag.py took 0.681 seconds
[2026-05-31T20:09:25.602+0000] {processor.py:161} INFO - Started process (PID=304) to work on /opt/airflow/dags/weather_dag.py
[2026-05-31T20:09:25.604+0000] {processor.py:830} INFO - Processing file /opt/airflow/dags/weather_dag.py for tasks to queue
[2026-05-31T20:09:25.614+0000] {logging_mixin.py:188} INFO - [2026-05-31T20:09:25.613+0000] {dagbag.py:545} INFO - Filling up the DagBag from /opt/airflow/dags/weather_dag.py
[2026-05-31T20:09:26.087+0000] {processor.py:840} INFO - DAG(s) 'weather_pipeline' retrieved from /opt/airflow/dags/weather_dag.py
[2026-05-31T20:09:26.141+0000] {logging_mixin.py:188} INFO - [2026-05-31T20:09:26.140+0000] {dag.py:3096} INFO - Sync 1 DAGs
[2026-05-31T20:09:26.209+0000] {logging_mixin.py:188} INFO - [2026-05-31T20:09:26.208+0000] {dag.py:3954} INFO - Setting next_dagrun for weather_pipeline to 2026-05-31 19:00:00+00:00, run_after=2026-05-31 20:00:00+00:00
[2026-05-31T20:09:26.273+0000] {processor.py:183} INFO - Processing /opt/airflow/dags/weather_dag.py took 0.686 seconds
[2026-05-31T20:09:56.655+0000] {processor.py:161} INFO - Started process (PID=312) to work on /opt/airflow/dags/weather_dag.py
[2026-05-31T20:09:56.658+0000] {processor.py:830} INFO - Processing file /opt/airflow/dags/weather_dag.py for tasks to queue
[2026-05-31T20:09:56.663+0000] {logging_mixin.py:188} INFO - [2026-05-31T20:09:56.662+0000] {dagbag.py:545} INFO - Filling up the DagBag from /opt/airflow/dags/weather_dag.py
[2026-05-31T20:09:57.207+0000] {processor.py:840} INFO - DAG(s) 'weather_pipeline' retrieved from /opt/airflow/dags/weather_dag.py
[2026-05-31T20:09:57.313+0000] {logging_mixin.py:188} INFO - [2026-05-31T20:09:57.311+0000] {dag.py:3096} INFO - Sync 1 DAGs
[2026-05-31T20:09:57.425+0000] {logging_mixin.py:188} INFO - [2026-05-31T20:09:57.424+0000] {dag.py:3954} INFO - Setting next_dagrun for weather_pipeline to 2026-05-31 19:00:00+00:00, run_after=2026-05-31 20:00:00+00:00
[2026-05-31T20:09:57.497+0000] {processor.py:183} INFO - Processing /opt/airflow/dags/weather_dag.py took 0.860 seconds
[2026-05-31T20:10:28.105+0000] {processor.py:161} INFO - Started process (PID=327) to work on /opt/airflow/dags/weather_dag.py
[2026-05-31T20:10:28.108+0000] {processor.py:830} INFO - Processing file /opt/airflow/dags/weather_dag.py for tasks to queue
[2026-05-31T20:10:28.118+0000] {logging_mixin.py:188} INFO - [2026-05-31T20:10:28.115+0000] {dagbag.py:545} INFO - Filling up the DagBag from /opt/airflow/dags/weather_dag.py
[2026-05-31T20:10:29.330+0000] {processor.py:840} INFO - DAG(s) 'weather_pipeline' retrieved from /opt/airflow/dags/weather_dag.py
[2026-05-31T20:10:29.669+0000] {logging_mixin.py:188} INFO - [2026-05-31T20:10:29.668+0000] {dag.py:3096} INFO - Sync 1 DAGs
[2026-05-31T20:10:29.788+0000] {logging_mixin.py:188} INFO - [2026-05-31T20:10:29.787+0000] {dag.py:3954} INFO - Setting next_dagrun for weather_pipeline to 2026-05-31 20:00:00+00:00, run_after=2026-05-31 21:00:00+00:00
[2026-05-31T20:10:29.871+0000] {processor.py:183} INFO - Processing /opt/airflow/dags/weather_dag.py took 1.803 seconds
[2026-05-31T20:11:00.102+0000] {processor.py:161} INFO - Started process (PID=336) to work on /opt/airflow/dags/weather_dag.py
[2026-05-31T20:11:00.104+0000] {processor.py:830} INFO - Processing file /opt/airflow/dags/weather_dag.py for tasks to queue
[2026-05-31T20:11:00.109+0000] {logging_mixin.py:188} INFO - [2026-05-31T20:11:00.108+0000] {dagbag.py:545} INFO - Filling up the DagBag from /opt/airflow/dags/weather_dag.py
[2026-05-31T20:11:00.549+0000] {processor.py:840} INFO - DAG(s) 'weather_pipeline' retrieved from /opt/airflow/dags/weather_dag.py
[2026-05-31T20:11:00.607+0000] {logging_mixin.py:188} INFO - [2026-05-31T20:11:00.606+0000] {dag.py:3096} INFO - Sync 1 DAGs
[2026-05-31T20:11:00.665+0000] {logging_mixin.py:188} INFO - [2026-05-31T20:11:00.664+0000] {dag.py:3954} INFO - Setting next_dagrun for weather_pipeline to 2026-05-31 20:00:00+00:00, run_after=2026-05-31 21:00:00+00:00
[2026-05-31T20:11:00.721+0000] {processor.py:183} INFO - Processing /opt/airflow/dags/weather_dag.py took 0.632 seconds
[2026-05-31T20:11:30.840+0000] {processor.py:161} INFO - Started process (PID=344) to work on /opt/airflow/dags/weather_dag.py
[2026-05-31T20:11:30.842+0000] {processor.py:830} INFO - Processing file /opt/airflow/dags/weather_dag.py for tasks to queue
[2026-05-31T20:11:30.847+0000] {logging_mixin.py:188} INFO - [2026-05-31T20:11:30.846+0000] {dagbag.py:545} INFO - Filling up the DagBag from /opt/airflow/dags/weather_dag.py
[2026-05-31T20:11:31.344+0000] {processor.py:840} INFO - DAG(s) 'weather_pipeline' retrieved from /opt/airflow/dags/weather_dag.py
[2026-05-31T20:11:31.411+0000] {logging_mixin.py:188} INFO - [2026-05-31T20:11:31.409+0000] {dag.py:3096} INFO - Sync 1 DAGs
[2026-05-31T20:11:31.464+0000] {logging_mixin.py:188} INFO - [2026-05-31T20:11:31.463+0000] {dag.py:3954} INFO - Setting next_dagrun for weather_pipeline to 2026-05-31 20:00:00+00:00, run_after=2026-05-31 21:00:00+00:00
[2026-05-31T20:11:31.516+0000] {processor.py:183} INFO - Processing /opt/airflow/dags/weather_dag.py took 0.692 seconds
[2026-05-31T20:12:02.087+0000] {processor.py:161} INFO - Started process (PID=352) to work on /opt/airflow/dags/weather_dag.py
[2026-05-31T20:12:02.089+0000] {processor.py:830} INFO - Processing file /opt/airflow/dags/weather_dag.py for tasks to queue
[2026-05-31T20:12:02.094+0000] {logging_mixin.py:188} INFO - [2026-05-31T20:12:02.093+0000] {dagbag.py:545} INFO - Filling up the DagBag from /opt/airflow/dags/weather_dag.py
[2026-05-31T20:12:02.490+0000] {processor.py:840} INFO - DAG(s) 'weather_pipeline' retrieved from /opt/airflow/dags/weather_dag.py
[2026-05-31T20:12:02.551+0000] {logging_mixin.py:188} INFO - [2026-05-31T20:12:02.549+0000] {dag.py:3096} INFO - Sync 1 DAGs
[2026-05-31T20:12:02.604+0000] {logging_mixin.py:188} INFO - [2026-05-31T20:12:02.604+0000] {dag.py:3954} INFO - Setting next_dagrun for weather_pipeline to 2026-05-31 20:00:00+00:00, run_after=2026-05-31 21:00:00+00:00
[2026-05-31T20:12:02.651+0000] {processor.py:183} INFO - Processing /opt/airflow/dags/weather_dag.py took 0.577 seconds
[2026-05-31T20:12:33.097+0000] {processor.py:161} INFO - Started process (PID=360) to work on /opt/airflow/dags/weather_dag.py
[2026-05-31T20:12:33.100+0000] {processor.py:830} INFO - Processing file /opt/airflow/dags/weather_dag.py for tasks to queue
[2026-05-31T20:12:33.109+0000] {logging_mixin.py:188} INFO - [2026-05-31T20:12:33.108+0000] {dagbag.py:545} INFO - Filling up the DagBag from /opt/airflow/dags/weather_dag.py
[2026-05-31T20:12:33.557+0000] {processor.py:840} INFO - DAG(s) 'weather_pipeline' retrieved from /opt/airflow/dags/weather_dag.py
[2026-05-31T20:12:33.625+0000] {logging_mixin.py:188} INFO - [2026-05-31T20:12:33.624+0000] {dag.py:3096} INFO - Sync 1 DAGs
[2026-05-31T20:12:33.689+0000] {logging_mixin.py:188} INFO - [2026-05-31T20:12:33.689+0000] {dag.py:3954} INFO - Setting next_dagrun for weather_pipeline to 2026-05-31 20:00:00+00:00, run_after=2026-05-31 21:00:00+00:00
[2026-05-31T20:12:33.832+0000] {processor.py:183} INFO - Processing /opt/airflow/dags/weather_dag.py took 0.759 seconds
[2026-05-31T20:13:04.046+0000] {processor.py:161} INFO - Started process (PID=368) to work on /opt/airflow/dags/weather_dag.py
[2026-05-31T20:13:04.049+0000] {processor.py:830} INFO - Processing file /opt/airflow/dags/weather_dag.py for tasks to queue
[2026-05-31T20:13:04.057+0000] {logging_mixin.py:188} INFO - [2026-05-31T20:13:04.056+0000] {dagbag.py:545} INFO - Filling up the DagBag from /opt/airflow/dags/weather_dag.py
[2026-05-31T20:13:04.413+0000] {processor.py:840} INFO - DAG(s) 'weather_pipeline' retrieved from /opt/airflow/dags/weather_dag.py
[2026-05-31T20:13:04.468+0000] {logging_mixin.py:188} INFO - [2026-05-31T20:13:04.467+0000] {dag.py:3096} INFO - Sync 1 DAGs
[2026-05-31T20:13:04.525+0000] {logging_mixin.py:188} INFO - [2026-05-31T20:13:04.525+0000] {dag.py:3954} INFO - Setting next_dagrun for weather_pipeline to 2026-05-31 20:00:00+00:00, run_after=2026-05-31 21:00:00+00:00
[2026-05-31T20:13:04.577+0000] {processor.py:183} INFO - Processing /opt/airflow/dags/weather_dag.py took 0.544 seconds
[2026-05-31T20:13:34.939+0000] {processor.py:161} INFO - Started process (PID=382) to work on /opt/airflow/dags/weather_dag.py
[2026-05-31T20:13:34.943+0000] {processor.py:830} INFO - Processing file /opt/airflow/dags/weather_dag.py for tasks to queue
[2026-05-31T20:13:34.949+0000] {logging_mixin.py:188} INFO - [2026-05-31T20:13:34.948+0000] {dagbag.py:545} INFO - Filling up the DagBag from /opt/airflow/dags/weather_dag.py
[2026-05-31T20:13:35.447+0000] {processor.py:840} INFO - DAG(s) 'weather_pipeline' retrieved from /opt/airflow/dags/weather_dag.py
[2026-05-31T20:13:35.525+0000] {logging_mixin.py:188} INFO - [2026-05-31T20:13:35.522+0000] {dag.py:3096} INFO - Sync 1 DAGs
[2026-05-31T20:13:35.590+0000] {logging_mixin.py:188} INFO - [2026-05-31T20:13:35.589+0000] {dag.py:3954} INFO - Setting next_dagrun for weather_pipeline to 2026-05-31 20:00:00+00:00, run_after=2026-05-31 21:00:00+00:00
[2026-05-31T20:13:35.670+0000] {processor.py:183} INFO - Processing /opt/airflow/dags/weather_dag.py took 0.762 seconds
[2026-05-31T20:14:05.822+0000] {processor.py:161} INFO - Started process (PID=390) to work on /opt/airflow/dags/weather_dag.py
[2026-05-31T20:14:05.823+0000] {processor.py:830} INFO - Processing file /opt/airflow/dags/weather_dag.py for tasks to queue
[2026-05-31T20:14:05.828+0000] {logging_mixin.py:188} INFO - [2026-05-31T20:14:05.827+0000] {dagbag.py:545} INFO - Filling up the DagBag from /opt/airflow/dags/weather_dag.py
[2026-05-31T20:14:06.161+0000] {processor.py:840} INFO - DAG(s) 'weather_pipeline' retrieved from /opt/airflow/dags/weather_dag.py
[2026-05-31T20:14:06.233+0000] {logging_mixin.py:188} INFO - [2026-05-31T20:14:06.232+0000] {dag.py:3096} INFO - Sync 1 DAGs
[2026-05-31T20:14:06.279+0000] {logging_mixin.py:188} INFO - [2026-05-31T20:14:06.278+0000] {dag.py:3954} INFO - Setting next_dagrun for weather_pipeline to 2026-05-31 20:00:00+00:00, run_after=2026-05-31 21:00:00+00:00
[2026-05-31T20:14:06.323+0000] {processor.py:183} INFO - Processing /opt/airflow/dags/weather_dag.py took 0.514 seconds
[2026-05-31T20:14:36.648+0000] {processor.py:161} INFO - Started process (PID=398) to work on /opt/airflow/dags/weather_dag.py
[2026-05-31T20:14:36.652+0000] {processor.py:830} INFO - Processing file /opt/airflow/dags/weather_dag.py for tasks to queue
[2026-05-31T20:14:36.655+0000] {logging_mixin.py:188} INFO - [2026-05-31T20:14:36.655+0000] {dagbag.py:545} INFO - Filling up the DagBag from /opt/airflow/dags/weather_dag.py
[2026-05-31T20:14:37.007+0000] {processor.py:840} INFO - DAG(s) 'weather_pipeline' retrieved from /opt/airflow/dags/weather_dag.py
[2026-05-31T20:14:37.071+0000] {logging_mixin.py:188} INFO - [2026-05-31T20:14:37.070+0000] {dag.py:3096} INFO - Sync 1 DAGs
[2026-05-31T20:14:37.125+0000] {logging_mixin.py:188} INFO - [2026-05-31T20:14:37.125+0000] {dag.py:3954} INFO - Setting next_dagrun for weather_pipeline to 2026-05-31 20:00:00+00:00, run_after=2026-05-31 21:00:00+00:00
[2026-05-31T20:14:37.164+0000] {processor.py:183} INFO - Processing /opt/airflow/dags/weather_dag.py took 0.530 seconds
[2026-05-31T20:15:07.594+0000] {processor.py:161} INFO - Started process (PID=406) to work on /opt/airflow/dags/weather_dag.py
[2026-05-31T20:15:07.599+0000] {processor.py:830} INFO - Processing file /opt/airflow/dags/weather_dag.py for tasks to queue
[2026-05-31T20:15:07.604+0000] {logging_mixin.py:188} INFO - [2026-05-31T20:15:07.603+0000] {dagbag.py:545} INFO - Filling up the DagBag from /opt/airflow/dags/weather_dag.py
[2026-05-31T20:15:08.023+0000] {processor.py:840} INFO - DAG(s) 'weather_pipeline' retrieved from /opt/airflow/dags/weather_dag.py
[2026-05-31T20:15:08.069+0000] {logging_mixin.py:188} INFO - [2026-05-31T20:15:08.067+0000] {dag.py:3096} INFO - Sync 1 DAGs
[2026-05-31T20:15:08.120+0000] {logging_mixin.py:188} INFO - [2026-05-31T20:15:08.119+0000] {dag.py:3954} INFO - Setting next_dagrun for weather_pipeline to 2026-05-31 20:00:00+00:00, run_after=2026-05-31 21:00:00+00:00
[2026-05-31T20:15:08.160+0000] {processor.py:183} INFO - Processing /opt/airflow/dags/weather_dag.py took 0.584 seconds
[2026-05-31T20:15:38.339+0000] {processor.py:161} INFO - Started process (PID=414) to work on /opt/airflow/dags/weather_dag.py
[2026-05-31T20:15:38.341+0000] {processor.py:830} INFO - Processing file /opt/airflow/dags/weather_dag.py for tasks to queue
[2026-05-31T20:15:38.346+0000] {logging_mixin.py:188} INFO - [2026-05-31T20:15:38.345+0000] {dagbag.py:545} INFO - Filling up the DagBag from /opt/airflow/dags/weather_dag.py
[2026-05-31T20:15:38.800+0000] {processor.py:840} INFO - DAG(s) 'weather_pipeline' retrieved from /opt/airflow/dags/weather_dag.py
[2026-05-31T20:15:38.941+0000] {logging_mixin.py:188} INFO - [2026-05-31T20:15:38.940+0000] {dag.py:3096} INFO - Sync 1 DAGs
[2026-05-31T20:15:39.042+0000] {logging_mixin.py:188} INFO - [2026-05-31T20:15:39.041+0000] {dag.py:3954} INFO - Setting next_dagrun for weather_pipeline to 2026-05-31 20:00:00+00:00, run_after=2026-05-31 21:00:00+00:00
[2026-05-31T20:15:39.107+0000] {processor.py:183} INFO - Processing /opt/airflow/dags/weather_dag.py took 0.781 seconds
[2026-05-31T20:16:09.523+0000] {processor.py:161} INFO - Started process (PID=426) to work on /opt/airflow/dags/weather_dag.py
[2026-05-31T20:16:09.525+0000] {processor.py:830} INFO - Processing file /opt/airflow/dags/weather_dag.py for tasks to queue
[2026-05-31T20:16:09.529+0000] {logging_mixin.py:188} INFO - [2026-05-31T20:16:09.528+0000] {dagbag.py:545} INFO - Filling up the DagBag from /opt/airflow/dags/weather_dag.py
[2026-05-31T20:16:09.889+0000] {processor.py:840} INFO - DAG(s) 'weather_pipeline' retrieved from /opt/airflow/dags/weather_dag.py
[2026-05-31T20:16:09.968+0000] {logging_mixin.py:188} INFO - [2026-05-31T20:16:09.964+0000] {dag.py:3096} INFO - Sync 1 DAGs
[2026-05-31T20:16:10.029+0000] {logging_mixin.py:188} INFO - [2026-05-31T20:16:10.028+0000] {dag.py:3954} INFO - Setting next_dagrun for weather_pipeline to 2026-05-31 20:00:00+00:00, run_after=2026-05-31 21:00:00+00:00
[2026-05-31T20:16:10.084+0000] {processor.py:183} INFO - Processing /opt/airflow/dags/weather_dag.py took 0.579 seconds
[2026-05-31T20:16:40.784+0000] {processor.py:161} INFO - Started process (PID=434) to work on /opt/airflow/dags/weather_dag.py
[2026-05-31T20:16:40.795+0000] {processor.py:830} INFO - Processing file /opt/airflow/dags/weather_dag.py for tasks to queue
[2026-05-31T20:16:40.801+0000] {logging_mixin.py:188} INFO - [2026-05-31T20:16:40.801+0000] {dagbag.py:545} INFO - Filling up the DagBag from /opt/airflow/dags/weather_dag.py
[2026-05-31T20:16:41.354+0000] {processor.py:840} INFO - DAG(s) 'weather_pipeline' retrieved from /opt/airflow/dags/weather_dag.py
[2026-05-31T20:16:41.456+0000] {logging_mixin.py:188} INFO - [2026-05-31T20:16:41.452+0000] {dag.py:3096} INFO - Sync 1 DAGs
[2026-05-31T20:16:41.547+0000] {logging_mixin.py:188} INFO - [2026-05-31T20:16:41.547+0000] {dag.py:3954} INFO - Setting next_dagrun for weather_pipeline to 2026-05-31 20:00:00+00:00, run_after=2026-05-31 21:00:00+00:00
[2026-05-31T20:16:41.597+0000] {processor.py:183} INFO - Processing /opt/airflow/dags/weather_dag.py took 0.830 seconds
[2026-05-31T20:17:11.977+0000] {processor.py:161} INFO - Started process (PID=442) to work on /opt/airflow/dags/weather_dag.py
[2026-05-31T20:17:11.979+0000] {processor.py:830} INFO - Processing file /opt/airflow/dags/weather_dag.py for tasks to queue
[2026-05-31T20:17:11.984+0000] {logging_mixin.py:188} INFO - [2026-05-31T20:17:11.983+0000] {dagbag.py:545} INFO - Filling up the DagBag from /opt/airflow/dags/weather_dag.py
[2026-05-31T20:17:12.418+0000] {processor.py:840} INFO - DAG(s) 'weather_pipeline' retrieved from /opt/airflow/dags/weather_dag.py
[2026-05-31T20:17:12.474+0000] {logging_mixin.py:188} INFO - [2026-05-31T20:17:12.473+0000] {dag.py:3096} INFO - Sync 1 DAGs
[2026-05-31T20:17:12.536+0000] {logging_mixin.py:188} INFO - [2026-05-31T20:17:12.536+0000] {dag.py:3954} INFO - Setting next_dagrun for weather_pipeline to 2026-05-31 20:00:00+00:00, run_after=2026-05-31 21:00:00+00:00
[2026-05-31T20:17:12.581+0000] {processor.py:183} INFO - Processing /opt/airflow/dags/weather_dag.py took 0.620 seconds
[2026-05-31T20:17:42.747+0000] {processor.py:161} INFO - Started process (PID=450) to work on /opt/airflow/dags/weather_dag.py
[2026-05-31T20:17:42.749+0000] {processor.py:830} INFO - Processing file /opt/airflow/dags/weather_dag.py for tasks to queue
[2026-05-31T20:17:42.754+0000] {logging_mixin.py:188} INFO - [2026-05-31T20:17:42.753+0000] {dagbag.py:545} INFO - Filling up the DagBag from /opt/airflow/dags/weather_dag.py
[2026-05-31T20:17:43.158+0000] {processor.py:840} INFO - DAG(s) 'weather_pipeline' retrieved from /opt/airflow/dags/weather_dag.py
[2026-05-31T20:17:43.219+0000] {logging_mixin.py:188} INFO - [2026-05-31T20:17:43.217+0000] {dag.py:3096} INFO - Sync 1 DAGs
[2026-05-31T20:17:43.273+0000] {logging_mixin.py:188} INFO - [2026-05-31T20:17:43.272+0000] {dag.py:3954} INFO - Setting next_dagrun for weather_pipeline to 2026-05-31 20:00:00+00:00, run_after=2026-05-31 21:00:00+00:00
[2026-05-31T20:17:43.321+0000] {processor.py:183} INFO - Processing /opt/airflow/dags/weather_dag.py took 0.596 seconds
[2026-05-31T20:18:13.738+0000] {processor.py:161} INFO - Started process (PID=459) to work on /opt/airflow/dags/weather_dag.py
[2026-05-31T20:18:13.740+0000] {processor.py:830} INFO - Processing file /opt/airflow/dags/weather_dag.py for tasks to queue
[2026-05-31T20:18:13.744+0000] {logging_mixin.py:188} INFO - [2026-05-31T20:18:13.744+0000] {dagbag.py:545} INFO - Filling up the DagBag from /opt/airflow/dags/weather_dag.py
[2026-05-31T20:18:14.216+0000] {processor.py:840} INFO - DAG(s) 'weather_pipeline' retrieved from /opt/airflow/dags/weather_dag.py
[2026-05-31T20:18:14.293+0000] {logging_mixin.py:188} INFO - [2026-05-31T20:18:14.292+0000] {dag.py:3096} INFO - Sync 1 DAGs
[2026-05-31T20:18:14.353+0000] {logging_mixin.py:188} INFO - [2026-05-31T20:18:14.351+0000] {dag.py:3954} INFO - Setting next_dagrun for weather_pipeline to 2026-05-31 20:00:00+00:00, run_after=2026-05-31 21:00:00+00:00
[2026-05-31T20:18:14.406+0000] {processor.py:183} INFO - Processing /opt/airflow/dags/weather_dag.py took 0.680 seconds
[2026-05-31T20:18:44.672+0000] {processor.py:161} INFO - Started process (PID=467) to work on /opt/airflow/dags/weather_dag.py
[2026-05-31T20:18:44.674+0000] {processor.py:830} INFO - Processing file /opt/airflow/dags/weather_dag.py for tasks to queue
[2026-05-31T20:18:44.679+0000] {logging_mixin.py:188} INFO - [2026-05-31T20:18:44.678+0000] {dagbag.py:545} INFO - Filling up the DagBag from /opt/airflow/dags/weather_dag.py
[2026-05-31T20:18:45.117+0000] {processor.py:840} INFO - DAG(s) 'weather_pipeline' retrieved from /opt/airflow/dags/weather_dag.py
[2026-05-31T20:18:45.193+0000] {logging_mixin.py:188} INFO - [2026-05-31T20:18:45.192+0000] {dag.py:3096} INFO - Sync 1 DAGs
[2026-05-31T20:18:45.261+0000] {logging_mixin.py:188} INFO - [2026-05-31T20:18:45.261+0000] {dag.py:3954} INFO - Setting next_dagrun for weather_pipeline to 2026-05-31 20:00:00+00:00, run_after=2026-05-31 21:00:00+00:00
[2026-05-31T20:18:45.312+0000] {processor.py:183} INFO - Processing /opt/airflow/dags/weather_dag.py took 0.654 seconds
[2026-05-31T20:19:15.969+0000] {processor.py:161} INFO - Started process (PID=475) to work on /opt/airflow/dags/weather_dag.py
[2026-05-31T20:19:15.972+0000] {processor.py:830} INFO - Processing file /opt/airflow/dags/weather_dag.py for tasks to queue
[2026-05-31T20:19:15.986+0000] {logging_mixin.py:188} INFO - [2026-05-31T20:19:15.985+0000] {dagbag.py:545} INFO - Filling up the DagBag from /opt/airflow/dags/weather_dag.py
[2026-05-31T20:19:16.733+0000] {processor.py:840} INFO - DAG(s) 'weather_pipeline' retrieved from /opt/airflow/dags/weather_dag.py
[2026-05-31T20:19:16.834+0000] {logging_mixin.py:188} INFO - [2026-05-31T20:19:16.833+0000] {dag.py:3096} INFO - Sync 1 DAGs
[2026-05-31T20:19:16.914+0000] {logging_mixin.py:188} INFO - [2026-05-31T20:19:16.914+0000] {dag.py:3954} INFO - Setting next_dagrun for weather_pipeline to 2026-05-31 20:00:00+00:00, run_after=2026-05-31 21:00:00+00:00
[2026-05-31T20:19:17.044+0000] {processor.py:183} INFO - Processing /opt/airflow/dags/weather_dag.py took 1.106 seconds
[2026-05-31T20:19:47.364+0000] {processor.py:161} INFO - Started process (PID=483) to work on /opt/airflow/dags/weather_dag.py
[2026-05-31T20:19:47.367+0000] {processor.py:830} INFO - Processing file /opt/airflow/dags/weather_dag.py for tasks to queue
[2026-05-31T20:19:47.378+0000] {logging_mixin.py:188} INFO - [2026-05-31T20:19:47.374+0000] {dagbag.py:545} INFO - Filling up the DagBag from /opt/airflow/dags/weather_dag.py
[2026-05-31T20:19:48.105+0000] {processor.py:840} INFO - DAG(s) 'weather_pipeline' retrieved from /opt/airflow/dags/weather_dag.py
[2026-05-31T20:19:48.193+0000] {logging_mixin.py:188} INFO - [2026-05-31T20:19:48.192+0000] {dag.py:3096} INFO - Sync 1 DAGs
[2026-05-31T20:19:48.306+0000] {logging_mixin.py:188} INFO - [2026-05-31T20:19:48.299+0000] {dag.py:3954} INFO - Setting next_dagrun for weather_pipeline to 2026-05-31 20:00:00+00:00, run_after=2026-05-31 21:00:00+00:00
[2026-05-31T20:19:48.408+0000] {processor.py:183} INFO - Processing /opt/airflow/dags/weather_dag.py took 1.057 seconds
[2026-05-31T20:20:18.880+0000] {processor.py:161} INFO - Started process (PID=491) to work on /opt/airflow/dags/weather_dag.py
[2026-05-31T20:20:18.887+0000] {processor.py:830} INFO - Processing file /opt/airflow/dags/weather_dag.py for tasks to queue
[2026-05-31T20:20:18.893+0000] {logging_mixin.py:188} INFO - [2026-05-31T20:20:18.891+0000] {dagbag.py:545} INFO - Filling up the DagBag from /opt/airflow/dags/weather_dag.py
[2026-05-31T20:20:19.612+0000] {processor.py:840} INFO - DAG(s) 'weather_pipeline' retrieved from /opt/airflow/dags/weather_dag.py
[2026-05-31T20:20:19.678+0000] {logging_mixin.py:188} INFO - [2026-05-31T20:20:19.676+0000] {dag.py:3096} INFO - Sync 1 DAGs
[2026-05-31T20:20:19.750+0000] {logging_mixin.py:188} INFO - [2026-05-31T20:20:19.750+0000] {dag.py:3954} INFO - Setting next_dagrun for weather_pipeline to 2026-05-31 20:00:00+00:00, run_after=2026-05-31 21:00:00+00:00
[2026-05-31T20:20:19.801+0000] {processor.py:183} INFO - Processing /opt/airflow/dags/weather_dag.py took 0.937 seconds
[2026-05-31T20:20:50.342+0000] {processor.py:161} INFO - Started process (PID=499) to work on /opt/airflow/dags/weather_dag.py
[2026-05-31T20:20:50.346+0000] {processor.py:830} INFO - Processing file /opt/airflow/dags/weather_dag.py for tasks to queue
[2026-05-31T20:20:50.350+0000] {logging_mixin.py:188} INFO - [2026-05-31T20:20:50.349+0000] {dagbag.py:545} INFO - Filling up the DagBag from /opt/airflow/dags/weather_dag.py
[2026-05-31T20:20:50.888+0000] {processor.py:840} INFO - DAG(s) 'weather_pipeline' retrieved from /opt/airflow/dags/weather_dag.py
[2026-05-31T20:20:50.983+0000] {logging_mixin.py:188} INFO - [2026-05-31T20:20:50.979+0000] {dag.py:3096} INFO - Sync 1 DAGs
[2026-05-31T20:20:51.076+0000] {logging_mixin.py:188} INFO - [2026-05-31T20:20:51.075+0000] {dag.py:3954} INFO - Setting next_dagrun for weather_pipeline to 2026-05-31 20:00:00+00:00, run_after=2026-05-31 21:00:00+00:00
[2026-05-31T20:20:51.146+0000] {processor.py:183} INFO - Processing /opt/airflow/dags/weather_dag.py took 0.824 seconds
[2026-05-31T20:21:21.637+0000] {processor.py:161} INFO - Started process (PID=507) to work on /opt/airflow/dags/weather_dag.py
[2026-05-31T20:21:21.639+0000] {processor.py:830} INFO - Processing file /opt/airflow/dags/weather_dag.py for tasks to queue
[2026-05-31T20:21:21.643+0000] {logging_mixin.py:188} INFO - [2026-05-31T20:21:21.642+0000] {dagbag.py:545} INFO - Filling up the DagBag from /opt/airflow/dags/weather_dag.py
[2026-05-31T20:21:22.328+0000] {processor.py:840} INFO - DAG(s) 'weather_pipeline' retrieved from /opt/airflow/dags/weather_dag.py
[2026-05-31T20:21:22.408+0000] {logging_mixin.py:188} INFO - [2026-05-31T20:21:22.406+0000] {dag.py:3096} INFO - Sync 1 DAGs
[2026-05-31T20:21:22.462+0000] {logging_mixin.py:188} INFO - [2026-05-31T20:21:22.462+0000] {dag.py:3954} INFO - Setting next_dagrun for weather_pipeline to 2026-05-31 20:00:00+00:00, run_after=2026-05-31 21:00:00+00:00
[2026-05-31T20:21:22.531+0000] {processor.py:183} INFO - Processing /opt/airflow/dags/weather_dag.py took 0.907 seconds
[2026-05-31T20:21:53.165+0000] {processor.py:161} INFO - Started process (PID=515) to work on /opt/airflow/dags/weather_dag.py
[2026-05-31T20:21:53.167+0000] {processor.py:830} INFO - Processing file /opt/airflow/dags/weather_dag.py for tasks to queue
[2026-05-31T20:21:53.181+0000] {logging_mixin.py:188} INFO - [2026-05-31T20:21:53.180+0000] {dagbag.py:545} INFO - Filling up the DagBag from /opt/airflow/dags/weather_dag.py
[2026-05-31T20:21:53.740+0000] {processor.py:840} INFO - DAG(s) 'weather_pipeline' retrieved from /opt/airflow/dags/weather_dag.py
[2026-05-31T20:21:53.841+0000] {logging_mixin.py:188} INFO - [2026-05-31T20:21:53.840+0000] {dag.py:3096} INFO - Sync 1 DAGs
[2026-05-31T20:21:53.919+0000] {logging_mixin.py:188} INFO - [2026-05-31T20:21:53.919+0000] {dag.py:3954} INFO - Setting next_dagrun for weather_pipeline to 2026-05-31 20:00:00+00:00, run_after=2026-05-31 21:00:00+00:00
[2026-05-31T20:21:53.984+0000] {processor.py:183} INFO - Processing /opt/airflow/dags/weather_dag.py took 0.837 seconds
[2026-05-31T20:22:24.667+0000] {processor.py:161} INFO - Started process (PID=523) to work on /opt/airflow/dags/weather_dag.py
[2026-05-31T20:22:24.682+0000] {processor.py:830} INFO - Processing file /opt/airflow/dags/weather_dag.py for tasks to queue
[2026-05-31T20:22:24.698+0000] {logging_mixin.py:188} INFO - [2026-05-31T20:22:24.697+0000] {dagbag.py:545} INFO - Filling up the DagBag from /opt/airflow/dags/weather_dag.py
[2026-05-31T20:22:25.271+0000] {processor.py:840} INFO - DAG(s) 'weather_pipeline' retrieved from /opt/airflow/dags/weather_dag.py
[2026-05-31T20:22:25.349+0000] {logging_mixin.py:188} INFO - [2026-05-31T20:22:25.348+0000] {dag.py:3096} INFO - Sync 1 DAGs
[2026-05-31T20:22:25.418+0000] {logging_mixin.py:188} INFO - [2026-05-31T20:22:25.417+0000] {dag.py:3954} INFO - Setting next_dagrun for weather_pipeline to 2026-05-31 20:00:00+00:00, run_after=2026-05-31 21:00:00+00:00
[2026-05-31T20:22:25.470+0000] {processor.py:183} INFO - Processing /opt/airflow/dags/weather_dag.py took 0.829 seconds
[2026-05-31T20:22:56.037+0000] {processor.py:161} INFO - Started process (PID=531) to work on /opt/airflow/dags/weather_dag.py
[2026-05-31T20:22:56.043+0000] {processor.py:830} INFO - Processing file /opt/airflow/dags/weather_dag.py for tasks to queue
[2026-05-31T20:22:56.049+0000] {logging_mixin.py:188} INFO - [2026-05-31T20:22:56.048+0000] {dagbag.py:545} INFO - Filling up the DagBag from /opt/airflow/dags/weather_dag.py
[2026-05-31T20:22:57.150+0000] {processor.py:840} INFO - DAG(s) 'weather_pipeline' retrieved from /opt/airflow/dags/weather_dag.py
[2026-05-31T20:22:57.463+0000] {logging_mixin.py:188} INFO - [2026-05-31T20:22:57.461+0000] {dag.py:3096} INFO - Sync 1 DAGs
[2026-05-31T20:22:57.563+0000] {logging_mixin.py:188} INFO - [2026-05-31T20:22:57.563+0000] {dag.py:3954} INFO - Setting next_dagrun for weather_pipeline to 2026-05-31 20:00:00+00:00, run_after=2026-05-31 21:00:00+00:00
[2026-05-31T20:22:57.641+0000] {processor.py:183} INFO - Processing /opt/airflow/dags/weather_dag.py took 1.629 seconds
[2026-05-31T20:23:27.856+0000] {processor.py:161} INFO - Started process (PID=539) to work on /opt/airflow/dags/weather_dag.py
[2026-05-31T20:23:27.858+0000] {processor.py:830} INFO - Processing file /opt/airflow/dags/weather_dag.py for tasks to queue
[2026-05-31T20:23:27.863+0000] {logging_mixin.py:188} INFO - [2026-05-31T20:23:27.862+0000] {dagbag.py:545} INFO - Filling up the DagBag from /opt/airflow/dags/weather_dag.py
[2026-05-31T20:23:28.425+0000] {processor.py:840} INFO - DAG(s) 'weather_pipeline' retrieved from /opt/airflow/dags/weather_dag.py
[2026-05-31T20:23:28.535+0000] {logging_mixin.py:188} INFO - [2026-05-31T20:23:28.534+0000] {dag.py:3096} INFO - Sync 1 DAGs
[2026-05-31T20:23:28.604+0000] {logging_mixin.py:188} INFO - [2026-05-31T20:23:28.604+0000] {dag.py:3954} INFO - Setting next_dagrun for weather_pipeline to 2026-05-31 20:00:00+00:00, run_after=2026-05-31 21:00:00+00:00
[2026-05-31T20:23:28.657+0000] {processor.py:183} INFO - Processing /opt/airflow/dags/weather_dag.py took 0.824 seconds
[2026-05-31T20:23:59.863+0000] {processor.py:161} INFO - Started process (PID=547) to work on /opt/airflow/dags/weather_dag.py
[2026-05-31T20:23:59.875+0000] {processor.py:830} INFO - Processing file /opt/airflow/dags/weather_dag.py for tasks to queue
[2026-05-31T20:23:59.885+0000] {logging_mixin.py:188} INFO - [2026-05-31T20:23:59.884+0000] {dagbag.py:545} INFO - Filling up the DagBag from /opt/airflow/dags/weather_dag.py
[2026-05-31T20:24:00.415+0000] {processor.py:840} INFO - DAG(s) 'weather_pipeline' retrieved from /opt/airflow/dags/weather_dag.py
[2026-05-31T20:24:00.489+0000] {logging_mixin.py:188} INFO - [2026-05-31T20:24:00.488+0000] {dag.py:3096} INFO - Sync 1 DAGs
[2026-05-31T20:24:00.546+0000] {logging_mixin.py:188} INFO - [2026-05-31T20:24:00.545+0000] {dag.py:3954} INFO - Setting next_dagrun for weather_pipeline to 2026-05-31 20:00:00+00:00, run_after=2026-05-31 21:00:00+00:00
[2026-05-31T20:24:00.602+0000] {processor.py:183} INFO - Processing /opt/airflow/dags/weather_dag.py took 0.760 seconds
[2026-05-31T20:24:31.102+0000] {processor.py:161} INFO - Started process (PID=555) to work on /opt/airflow/dags/weather_dag.py
[2026-05-31T20:24:31.105+0000] {processor.py:830} INFO - Processing file /opt/airflow/dags/weather_dag.py for tasks to queue
[2026-05-31T20:24:31.111+0000] {logging_mixin.py:188} INFO - [2026-05-31T20:24:31.110+0000] {dagbag.py:545} INFO - Filling up the DagBag from /opt/airflow/dags/weather_dag.py
[2026-05-31T20:24:31.574+0000] {processor.py:840} INFO - DAG(s) 'weather_pipeline' retrieved from /opt/airflow/dags/weather_dag.py
[2026-05-31T20:24:31.634+0000] {logging_mixin.py:188} INFO - [2026-05-31T20:24:31.632+0000] {dag.py:3096} INFO - Sync 1 DAGs
[2026-05-31T20:24:31.694+0000] {logging_mixin.py:188} INFO - [2026-05-31T20:24:31.694+0000] {dag.py:3954} INFO - Setting next_dagrun for weather_pipeline to 2026-05-31 20:00:00+00:00, run_after=2026-05-31 21:00:00+00:00
[2026-05-31T20:24:31.739+0000] {processor.py:183} INFO - Processing /opt/airflow/dags/weather_dag.py took 0.650 seconds
[2026-05-31T20:25:02.240+0000] {processor.py:161} INFO - Started process (PID=563) to work on /opt/airflow/dags/weather_dag.py
[2026-05-31T20:25:02.242+0000] {processor.py:830} INFO - Processing file /opt/airflow/dags/weather_dag.py for tasks to queue
[2026-05-31T20:25:02.247+0000] {logging_mixin.py:188} INFO - [2026-05-31T20:25:02.246+0000] {dagbag.py:545} INFO - Filling up the DagBag from /opt/airflow/dags/weather_dag.py
[2026-05-31T20:25:02.695+0000] {processor.py:840} INFO - DAG(s) 'weather_pipeline' retrieved from /opt/airflow/dags/weather_dag.py
[2026-05-31T20:25:02.750+0000] {logging_mixin.py:188} INFO - [2026-05-31T20:25:02.749+0000] {dag.py:3096} INFO - Sync 1 DAGs
[2026-05-31T20:25:02.801+0000] {logging_mixin.py:188} INFO - [2026-05-31T20:25:02.801+0000] {dag.py:3954} INFO - Setting next_dagrun for weather_pipeline to 2026-05-31 20:00:00+00:00, run_after=2026-05-31 21:00:00+00:00
[2026-05-31T20:25:02.856+0000] {processor.py:183} INFO - Processing /opt/airflow/dags/weather_dag.py took 0.637 seconds
[2026-05-31T20:25:33.404+0000] {processor.py:161} INFO - Started process (PID=571) to work on /opt/airflow/dags/weather_dag.py
[2026-05-31T20:25:33.407+0000] {processor.py:830} INFO - Processing file /opt/airflow/dags/weather_dag.py for tasks to queue
[2026-05-31T20:25:33.413+0000] {logging_mixin.py:188} INFO - [2026-05-31T20:25:33.412+0000] {dagbag.py:545} INFO - Filling up the DagBag from /opt/airflow/dags/weather_dag.py
[2026-05-31T20:25:33.997+0000] {processor.py:840} INFO - DAG(s) 'weather_pipeline' retrieved from /opt/airflow/dags/weather_dag.py
[2026-05-31T20:25:34.068+0000] {logging_mixin.py:188} INFO - [2026-05-31T20:25:34.067+0000] {dag.py:3096} INFO - Sync 1 DAGs
[2026-05-31T20:25:34.140+0000] {logging_mixin.py:188} INFO - [2026-05-31T20:25:34.140+0000] {dag.py:3954} INFO - Setting next_dagrun for weather_pipeline to 2026-05-31 20:00:00+00:00, run_after=2026-05-31 21:00:00+00:00
[2026-05-31T20:25:34.189+0000] {processor.py:183} INFO - Processing /opt/airflow/dags/weather_dag.py took 0.816 seconds
[2026-05-31T20:26:04.571+0000] {processor.py:161} INFO - Started process (PID=579) to work on /opt/airflow/dags/weather_dag.py
[2026-05-31T20:26:04.575+0000] {processor.py:830} INFO - Processing file /opt/airflow/dags/weather_dag.py for tasks to queue
[2026-05-31T20:26:04.579+0000] {logging_mixin.py:188} INFO - [2026-05-31T20:26:04.579+0000] {dagbag.py:545} INFO - Filling up the DagBag from /opt/airflow/dags/weather_dag.py
[2026-05-31T20:26:05.094+0000] {processor.py:840} INFO - DAG(s) 'weather_pipeline' retrieved from /opt/airflow/dags/weather_dag.py
[2026-05-31T20:26:05.229+0000] {logging_mixin.py:188} INFO - [2026-05-31T20:26:05.228+0000] {dag.py:3096} INFO - Sync 1 DAGs
[2026-05-31T20:26:05.324+0000] {logging_mixin.py:188} INFO - [2026-05-31T20:26:05.324+0000] {dag.py:3954} INFO - Setting next_dagrun for weather_pipeline to 2026-05-31 20:00:00+00:00, run_after=2026-05-31 21:00:00+00:00
[2026-05-31T20:26:05.376+0000] {processor.py:183} INFO - Processing /opt/airflow/dags/weather_dag.py took 0.821 seconds
[2026-05-31T20:26:35.668+0000] {processor.py:161} INFO - Started process (PID=587) to work on /opt/airflow/dags/weather_dag.py
[2026-05-31T20:26:35.673+0000] {processor.py:830} INFO - Processing file /opt/airflow/dags/weather_dag.py for tasks to queue
[2026-05-31T20:26:35.677+0000] {logging_mixin.py:188} INFO - [2026-05-31T20:26:35.676+0000] {dagbag.py:545} INFO - Filling up the DagBag from /opt/airflow/dags/weather_dag.py
[2026-05-31T20:26:36.316+0000] {processor.py:840} INFO - DAG(s) 'weather_pipeline' retrieved from /opt/airflow/dags/weather_dag.py
[2026-05-31T20:26:36.435+0000] {logging_mixin.py:188} INFO - [2026-05-31T20:26:36.434+0000] {dag.py:3096} INFO - Sync 1 DAGs
[2026-05-31T20:26:36.515+0000] {logging_mixin.py:188} INFO - [2026-05-31T20:26:36.514+0000] {dag.py:3954} INFO - Setting next_dagrun for weather_pipeline to 2026-05-31 20:00:00+00:00, run_after=2026-05-31 21:00:00+00:00
[2026-05-31T20:26:36.572+0000] {processor.py:183} INFO - Processing /opt/airflow/dags/weather_dag.py took 0.922 seconds
[2026-05-31T20:27:07.030+0000] {processor.py:161} INFO - Started process (PID=596) to work on /opt/airflow/dags/weather_dag.py
[2026-05-31T20:27:07.032+0000] {processor.py:830} INFO - Processing file /opt/airflow/dags/weather_dag.py for tasks to queue
[2026-05-31T20:27:07.036+0000] {logging_mixin.py:188} INFO - [2026-05-31T20:27:07.035+0000] {dagbag.py:545} INFO - Filling up the DagBag from /opt/airflow/dags/weather_dag.py
[2026-05-31T20:27:07.383+0000] {processor.py:840} INFO - DAG(s) 'weather_pipeline' retrieved from /opt/airflow/dags/weather_dag.py
[2026-05-31T20:27:07.452+0000] {logging_mixin.py:188} INFO - [2026-05-31T20:27:07.451+0000] {dag.py:3096} INFO - Sync 1 DAGs
[2026-05-31T20:27:07.523+0000] {logging_mixin.py:188} INFO - [2026-05-31T20:27:07.522+0000] {dag.py:3954} INFO - Setting next_dagrun for weather_pipeline to 2026-05-31 20:00:00+00:00, run_after=2026-05-31 21:00:00+00:00
[2026-05-31T20:27:07.576+0000] {processor.py:183} INFO - Processing /opt/airflow/dags/weather_dag.py took 0.560 seconds
[2026-05-31T20:27:37.864+0000] {processor.py:161} INFO - Started process (PID=604) to work on /opt/airflow/dags/weather_dag.py
[2026-05-31T20:27:37.868+0000] {processor.py:830} INFO - Processing file /opt/airflow/dags/weather_dag.py for tasks to queue
[2026-05-31T20:27:37.878+0000] {logging_mixin.py:188} INFO - [2026-05-31T20:27:37.877+0000] {dagbag.py:545} INFO - Filling up the DagBag from /opt/airflow/dags/weather_dag.py
[2026-05-31T20:27:38.381+0000] {processor.py:840} INFO - DAG(s) 'weather_pipeline' retrieved from /opt/airflow/dags/weather_dag.py
[2026-05-31T20:27:38.459+0000] {logging_mixin.py:188} INFO - [2026-05-31T20:27:38.457+0000] {dag.py:3096} INFO - Sync 1 DAGs
[2026-05-31T20:27:38.529+0000] {logging_mixin.py:188} INFO - [2026-05-31T20:27:38.528+0000] {dag.py:3954} INFO - Setting next_dagrun for weather_pipeline to 2026-05-31 20:00:00+00:00, run_after=2026-05-31 21:00:00+00:00
[2026-05-31T20:27:38.590+0000] {processor.py:183} INFO - Processing /opt/airflow/dags/weather_dag.py took 0.741 seconds
[2026-05-31T20:28:09.058+0000] {processor.py:161} INFO - Started process (PID=612) to work on /opt/airflow/dags/weather_dag.py
[2026-05-31T20:28:09.061+0000] {processor.py:830} INFO - Processing file /opt/airflow/dags/weather_dag.py for tasks to queue
[2026-05-31T20:28:09.065+0000] {logging_mixin.py:188} INFO - [2026-05-31T20:28:09.064+0000] {dagbag.py:545} INFO - Filling up the DagBag from /opt/airflow/dags/weather_dag.py
[2026-05-31T20:28:09.553+0000] {processor.py:840} INFO - DAG(s) 'weather_pipeline' retrieved from /opt/airflow/dags/weather_dag.py
[2026-05-31T20:28:09.664+0000] {logging_mixin.py:188} INFO - [2026-05-31T20:28:09.661+0000] {dag.py:3096} INFO - Sync 1 DAGs
[2026-05-31T20:28:09.740+0000] {logging_mixin.py:188} INFO - [2026-05-31T20:28:09.740+0000] {dag.py:3954} INFO - Setting next_dagrun for weather_pipeline to 2026-05-31 20:00:00+00:00, run_after=2026-05-31 21:00:00+00:00
[2026-05-31T20:28:09.820+0000] {processor.py:183} INFO - Processing /opt/airflow/dags/weather_dag.py took 0.776 seconds
[2026-05-31T20:28:40.281+0000] {processor.py:161} INFO - Started process (PID=626) to work on /opt/airflow/dags/weather_dag.py
[2026-05-31T20:28:40.283+0000] {processor.py:830} INFO - Processing file /opt/airflow/dags/weather_dag.py for tasks to queue
[2026-05-31T20:28:40.290+0000] {logging_mixin.py:188} INFO - [2026-05-31T20:28:40.288+0000] {dagbag.py:545} INFO - Filling up the DagBag from /opt/airflow/dags/weather_dag.py
[2026-05-31T20:28:40.649+0000] {processor.py:840} INFO - DAG(s) 'weather_pipeline' retrieved from /opt/airflow/dags/weather_dag.py
[2026-05-31T20:28:40.715+0000] {logging_mixin.py:188} INFO - [2026-05-31T20:28:40.714+0000] {dag.py:3096} INFO - Sync 1 DAGs
[2026-05-31T20:28:40.777+0000] {logging_mixin.py:188} INFO - [2026-05-31T20:28:40.776+0000] {dag.py:3954} INFO - Setting next_dagrun for weather_pipeline to 2026-05-31 20:00:00+00:00, run_after=2026-05-31 21:00:00+00:00
[2026-05-31T20:28:40.820+0000] {processor.py:183} INFO - Processing /opt/airflow/dags/weather_dag.py took 0.557 seconds
[2026-05-31T20:29:11.487+0000] {processor.py:161} INFO - Started process (PID=634) to work on /opt/airflow/dags/weather_dag.py
[2026-05-31T20:29:11.491+0000] {processor.py:830} INFO - Processing file /opt/airflow/dags/weather_dag.py for tasks to queue
[2026-05-31T20:29:11.498+0000] {logging_mixin.py:188} INFO - [2026-05-31T20:29:11.497+0000] {dagbag.py:545} INFO - Filling up the DagBag from /opt/airflow/dags/weather_dag.py
[2026-05-31T20:29:12.019+0000] {processor.py:840} INFO - DAG(s) 'weather_pipeline' retrieved from /opt/airflow/dags/weather_dag.py
[2026-05-31T20:29:12.155+0000] {logging_mixin.py:188} INFO - [2026-05-31T20:29:12.153+0000] {dag.py:3096} INFO - Sync 1 DAGs
[2026-05-31T20:29:12.272+0000] {logging_mixin.py:188} INFO - [2026-05-31T20:29:12.269+0000] {dag.py:3954} INFO - Setting next_dagrun for weather_pipeline to 2026-05-31 20:00:00+00:00, run_after=2026-05-31 21:00:00+00:00
[2026-05-31T20:29:12.368+0000] {processor.py:183} INFO - Processing /opt/airflow/dags/weather_dag.py took 0.905 seconds
[2026-05-31T20:29:42.772+0000] {processor.py:161} INFO - Started process (PID=642) to work on /opt/airflow/dags/weather_dag.py
[2026-05-31T20:29:42.775+0000] {processor.py:830} INFO - Processing file /opt/airflow/dags/weather_dag.py for tasks to queue
[2026-05-31T20:29:42.780+0000] {logging_mixin.py:188} INFO - [2026-05-31T20:29:42.780+0000] {dagbag.py:545} INFO - Filling up the DagBag from /opt/airflow/dags/weather_dag.py
[2026-05-31T20:29:43.190+0000] {processor.py:840} INFO - DAG(s) 'weather_pipeline' retrieved from /opt/airflow/dags/weather_dag.py
[2026-05-31T20:29:43.604+0000] {logging_mixin.py:188} INFO - [2026-05-31T20:29:43.603+0000] {dag.py:3096} INFO - Sync 1 DAGs
[2026-05-31T20:29:43.665+0000] {logging_mixin.py:188} INFO - [2026-05-31T20:29:43.664+0000] {dag.py:3954} INFO - Setting next_dagrun for weather_pipeline to 2026-05-31 20:00:00+00:00, run_after=2026-05-31 21:00:00+00:00
[2026-05-31T20:29:43.715+0000] {processor.py:183} INFO - Processing /opt/airflow/dags/weather_dag.py took 0.962 seconds
[2026-05-31T20:30:14.212+0000] {processor.py:161} INFO - Started process (PID=650) to work on /opt/airflow/dags/weather_dag.py
[2026-05-31T20:30:14.214+0000] {processor.py:830} INFO - Processing file /opt/airflow/dags/weather_dag.py for tasks to queue
[2026-05-31T20:30:14.219+0000] {logging_mixin.py:188} INFO - [2026-05-31T20:30:14.218+0000] {dagbag.py:545} INFO - Filling up the DagBag from /opt/airflow/dags/weather_dag.py
[2026-05-31T20:30:14.538+0000] {processor.py:840} INFO - DAG(s) 'weather_pipeline' retrieved from /opt/airflow/dags/weather_dag.py
[2026-05-31T20:30:14.596+0000] {logging_mixin.py:188} INFO - [2026-05-31T20:30:14.595+0000] {dag.py:3096} INFO - Sync 1 DAGs
[2026-05-31T20:30:14.653+0000] {logging_mixin.py:188} INFO - [2026-05-31T20:30:14.653+0000] {dag.py:3954} INFO - Setting next_dagrun for weather_pipeline to 2026-05-31 20:00:00+00:00, run_after=2026-05-31 21:00:00+00:00
[2026-05-31T20:30:14.697+0000] {processor.py:183} INFO - Processing /opt/airflow/dags/weather_dag.py took 0.498 seconds
[2026-05-31T20:30:45.060+0000] {processor.py:161} INFO - Started process (PID=659) to work on /opt/airflow/dags/weather_dag.py
[2026-05-31T20:30:45.065+0000] {processor.py:830} INFO - Processing file /opt/airflow/dags/weather_dag.py for tasks to queue
[2026-05-31T20:30:45.071+0000] {logging_mixin.py:188} INFO - [2026-05-31T20:30:45.070+0000] {dagbag.py:545} INFO - Filling up the DagBag from /opt/airflow/dags/weather_dag.py
[2026-05-31T20:30:45.428+0000] {processor.py:840} INFO - DAG(s) 'weather_pipeline' retrieved from /opt/airflow/dags/weather_dag.py
[2026-05-31T20:30:45.501+0000] {logging_mixin.py:188} INFO - [2026-05-31T20:30:45.500+0000] {dag.py:3096} INFO - Sync 1 DAGs
[2026-05-31T20:30:45.548+0000] {logging_mixin.py:188} INFO - [2026-05-31T20:30:45.548+0000] {dag.py:3954} INFO - Setting next_dagrun for weather_pipeline to 2026-05-31 20:00:00+00:00, run_after=2026-05-31 21:00:00+00:00
[2026-05-31T20:30:45.591+0000] {processor.py:183} INFO - Processing /opt/airflow/dags/weather_dag.py took 0.546 seconds
[2026-05-31T20:31:15.789+0000] {processor.py:161} INFO - Started process (PID=667) to work on /opt/airflow/dags/weather_dag.py
[2026-05-31T20:31:15.791+0000] {processor.py:830} INFO - Processing file /opt/airflow/dags/weather_dag.py for tasks to queue
[2026-05-31T20:31:15.796+0000] {logging_mixin.py:188} INFO - [2026-05-31T20:31:15.795+0000] {dagbag.py:545} INFO - Filling up the DagBag from /opt/airflow/dags/weather_dag.py
[2026-05-31T20:31:16.201+0000] {processor.py:840} INFO - DAG(s) 'weather_pipeline' retrieved from /opt/airflow/dags/weather_dag.py
[2026-05-31T20:31:16.253+0000] {logging_mixin.py:188} INFO - [2026-05-31T20:31:16.252+0000] {dag.py:3096} INFO - Sync 1 DAGs
[2026-05-31T20:31:16.304+0000] {logging_mixin.py:188} INFO - [2026-05-31T20:31:16.304+0000] {dag.py:3954} INFO - Setting next_dagrun for weather_pipeline to 2026-05-31 20:00:00+00:00, run_after=2026-05-31 21:00:00+00:00
[2026-05-31T20:31:16.354+0000] {processor.py:183} INFO - Processing /opt/airflow/dags/weather_dag.py took 0.580 seconds
[2026-05-31T20:31:46.730+0000] {processor.py:161} INFO - Started process (PID=675) to work on /opt/airflow/dags/weather_dag.py
[2026-05-31T20:31:46.731+0000] {processor.py:830} INFO - Processing file /opt/airflow/dags/weather_dag.py for tasks to queue
[2026-05-31T20:31:46.735+0000] {logging_mixin.py:188} INFO - [2026-05-31T20:31:46.734+0000] {dagbag.py:545} INFO - Filling up the DagBag from /opt/airflow/dags/weather_dag.py
[2026-05-31T20:31:47.094+0000] {processor.py:840} INFO - DAG(s) 'weather_pipeline' retrieved from /opt/airflow/dags/weather_dag.py
[2026-05-31T20:31:47.171+0000] {logging_mixin.py:188} INFO - [2026-05-31T20:31:47.169+0000] {dag.py:3096} INFO - Sync 1 DAGs
[2026-05-31T20:31:47.258+0000] {logging_mixin.py:188} INFO - [2026-05-31T20:31:47.258+0000] {dag.py:3954} INFO - Setting next_dagrun for weather_pipeline to 2026-05-31 20:00:00+00:00, run_after=2026-05-31 21:00:00+00:00
[2026-05-31T20:31:47.314+0000] {processor.py:183} INFO - Processing /opt/airflow/dags/weather_dag.py took 0.596 seconds
[2026-05-31T20:32:17.586+0000] {processor.py:161} INFO - Started process (PID=683) to work on /opt/airflow/dags/weather_dag.py
[2026-05-31T20:32:17.592+0000] {processor.py:830} INFO - Processing file /opt/airflow/dags/weather_dag.py for tasks to queue
[2026-05-31T20:32:17.597+0000] {logging_mixin.py:188} INFO - [2026-05-31T20:32:17.596+0000] {dagbag.py:545} INFO - Filling up the DagBag from /opt/airflow/dags/weather_dag.py
[2026-05-31T20:32:18.231+0000] {processor.py:840} INFO - DAG(s) 'weather_pipeline' retrieved from /opt/airflow/dags/weather_dag.py
[2026-05-31T20:32:18.306+0000] {logging_mixin.py:188} INFO - [2026-05-31T20:32:18.305+0000] {dag.py:3096} INFO - Sync 1 DAGs
[2026-05-31T20:32:18.371+0000] {logging_mixin.py:188} INFO - [2026-05-31T20:32:18.370+0000] {dag.py:3954} INFO - Setting next_dagrun for weather_pipeline to 2026-05-31 20:00:00+00:00, run_after=2026-05-31 21:00:00+00:00
[2026-05-31T20:32:18.426+0000] {processor.py:183} INFO - Processing /opt/airflow/dags/weather_dag.py took 0.864 seconds
[2026-05-31T20:32:48.927+0000] {processor.py:161} INFO - Started process (PID=691) to work on /opt/airflow/dags/weather_dag.py
[2026-05-31T20:32:48.929+0000] {processor.py:830} INFO - Processing file /opt/airflow/dags/weather_dag.py for tasks to queue
[2026-05-31T20:32:48.934+0000] {logging_mixin.py:188} INFO - [2026-05-31T20:32:48.933+0000] {dagbag.py:545} INFO - Filling up the DagBag from /opt/airflow/dags/weather_dag.py
[2026-05-31T20:32:49.290+0000] {processor.py:840} INFO - DAG(s) 'weather_pipeline' retrieved from /opt/airflow/dags/weather_dag.py
[2026-05-31T20:32:49.350+0000] {logging_mixin.py:188} INFO - [2026-05-31T20:32:49.349+0000] {dag.py:3096} INFO - Sync 1 DAGs
[2026-05-31T20:32:49.408+0000] {logging_mixin.py:188} INFO - [2026-05-31T20:32:49.407+0000] {dag.py:3954} INFO - Setting next_dagrun for weather_pipeline to 2026-05-31 20:00:00+00:00, run_after=2026-05-31 21:00:00+00:00
[2026-05-31T20:32:49.455+0000] {processor.py:183} INFO - Processing /opt/airflow/dags/weather_dag.py took 0.549 seconds
[2026-05-31T20:33:19.958+0000] {processor.py:161} INFO - Started process (PID=699) to work on /opt/airflow/dags/weather_dag.py
[2026-05-31T20:33:19.962+0000] {processor.py:830} INFO - Processing file /opt/airflow/dags/weather_dag.py for tasks to queue
[2026-05-31T20:33:19.967+0000] {logging_mixin.py:188} INFO - [2026-05-31T20:33:19.966+0000] {dagbag.py:545} INFO - Filling up the DagBag from /opt/airflow/dags/weather_dag.py
[2026-05-31T20:33:20.567+0000] {processor.py:840} INFO - DAG(s) 'weather_pipeline' retrieved from /opt/airflow/dags/weather_dag.py
[2026-05-31T20:33:20.639+0000] {logging_mixin.py:188} INFO - [2026-05-31T20:33:20.638+0000] {dag.py:3096} INFO - Sync 1 DAGs
[2026-05-31T20:33:20.697+0000] {logging_mixin.py:188} INFO - [2026-05-31T20:33:20.697+0000] {dag.py:3954} INFO - Setting next_dagrun for weather_pipeline to 2026-05-31 20:00:00+00:00, run_after=2026-05-31 21:00:00+00:00
[2026-05-31T20:33:20.752+0000] {processor.py:183} INFO - Processing /opt/airflow/dags/weather_dag.py took 0.815 seconds
[2026-05-31T20:33:51.156+0000] {processor.py:161} INFO - Started process (PID=707) to work on /opt/airflow/dags/weather_dag.py
[2026-05-31T20:33:51.159+0000] {processor.py:830} INFO - Processing file /opt/airflow/dags/weather_dag.py for tasks to queue
[2026-05-31T20:33:51.164+0000] {logging_mixin.py:188} INFO - [2026-05-31T20:33:51.163+0000] {dagbag.py:545} INFO - Filling up the DagBag from /opt/airflow/dags/weather_dag.py
[2026-05-31T20:33:51.664+0000] {processor.py:840} INFO - DAG(s) 'weather_pipeline' retrieved from /opt/airflow/dags/weather_dag.py
[2026-05-31T20:33:51.747+0000] {logging_mixin.py:188} INFO - [2026-05-31T20:33:51.743+0000] {dag.py:3096} INFO - Sync 1 DAGs
[2026-05-31T20:33:51.823+0000] {logging_mixin.py:188} INFO - [2026-05-31T20:33:51.822+0000] {dag.py:3954} INFO - Setting next_dagrun for weather_pipeline to 2026-05-31 20:00:00+00:00, run_after=2026-05-31 21:00:00+00:00
[2026-05-31T20:33:51.898+0000] {processor.py:183} INFO - Processing /opt/airflow/dags/weather_dag.py took 0.756 seconds
[2026-05-31T20:34:22.358+0000] {processor.py:161} INFO - Started process (PID=715) to work on /opt/airflow/dags/weather_dag.py
[2026-05-31T20:34:22.362+0000] {processor.py:830} INFO - Processing file /opt/airflow/dags/weather_dag.py for tasks to queue
[2026-05-31T20:34:22.372+0000] {logging_mixin.py:188} INFO - [2026-05-31T20:34:22.371+0000] {dagbag.py:545} INFO - Filling up the DagBag from /opt/airflow/dags/weather_dag.py
[2026-05-31T20:34:22.783+0000] {processor.py:840} INFO - DAG(s) 'weather_pipeline' retrieved from /opt/airflow/dags/weather_dag.py
[2026-05-31T20:34:22.859+0000] {logging_mixin.py:188} INFO - [2026-05-31T20:34:22.858+0000] {dag.py:3096} INFO - Sync 1 DAGs
[2026-05-31T20:34:22.923+0000] {logging_mixin.py:188} INFO - [2026-05-31T20:34:22.923+0000] {dag.py:3954} INFO - Setting next_dagrun for weather_pipeline to 2026-05-31 20:00:00+00:00, run_after=2026-05-31 21:00:00+00:00
[2026-05-31T20:34:22.990+0000] {processor.py:183} INFO - Processing /opt/airflow/dags/weather_dag.py took 0.646 seconds
[2026-05-31T20:34:53.302+0000] {processor.py:161} INFO - Started process (PID=723) to work on /opt/airflow/dags/weather_dag.py
[2026-05-31T20:34:53.304+0000] {processor.py:830} INFO - Processing file /opt/airflow/dags/weather_dag.py for tasks to queue
[2026-05-31T20:34:53.309+0000] {logging_mixin.py:188} INFO - [2026-05-31T20:34:53.308+0000] {dagbag.py:545} INFO - Filling up the DagBag from /opt/airflow/dags/weather_dag.py
[2026-05-31T20:34:53.760+0000] {processor.py:840} INFO - DAG(s) 'weather_pipeline' retrieved from /opt/airflow/dags/weather_dag.py
[2026-05-31T20:34:53.844+0000] {logging_mixin.py:188} INFO - [2026-05-31T20:34:53.843+0000] {dag.py:3096} INFO - Sync 1 DAGs
[2026-05-31T20:34:53.933+0000] {logging_mixin.py:188} INFO - [2026-05-31T20:34:53.933+0000] {dag.py:3954} INFO - Setting next_dagrun for weather_pipeline to 2026-05-31 20:00:00+00:00, run_after=2026-05-31 21:00:00+00:00
[2026-05-31T20:34:53.975+0000] {processor.py:183} INFO - Processing /opt/airflow/dags/weather_dag.py took 0.687 seconds
[2026-05-31T20:35:24.345+0000] {processor.py:161} INFO - Started process (PID=731) to work on /opt/airflow/dags/weather_dag.py
[2026-05-31T20:35:24.347+0000] {processor.py:830} INFO - Processing file /opt/airflow/dags/weather_dag.py for tasks to queue
[2026-05-31T20:35:24.352+0000] {logging_mixin.py:188} INFO - [2026-05-31T20:35:24.351+0000] {dagbag.py:545} INFO - Filling up the DagBag from /opt/airflow/dags/weather_dag.py
[2026-05-31T20:35:24.717+0000] {processor.py:840} INFO - DAG(s) 'weather_pipeline' retrieved from /opt/airflow/dags/weather_dag.py
[2026-05-31T20:35:24.800+0000] {logging_mixin.py:188} INFO - [2026-05-31T20:35:24.799+0000] {dag.py:3096} INFO - Sync 1 DAGs
[2026-05-31T20:35:24.855+0000] {logging_mixin.py:188} INFO - [2026-05-31T20:35:24.854+0000] {dag.py:3954} INFO - Setting next_dagrun for weather_pipeline to 2026-05-31 20:00:00+00:00, run_after=2026-05-31 21:00:00+00:00
[2026-05-31T20:35:24.924+0000] {processor.py:183} INFO - Processing /opt/airflow/dags/weather_dag.py took 0.594 seconds
[2026-05-31T20:35:55.259+0000] {processor.py:161} INFO - Started process (PID=739) to work on /opt/airflow/dags/weather_dag.py
[2026-05-31T20:35:55.268+0000] {processor.py:830} INFO - Processing file /opt/airflow/dags/weather_dag.py for tasks to queue
[2026-05-31T20:35:55.275+0000] {logging_mixin.py:188} INFO - [2026-05-31T20:35:55.274+0000] {dagbag.py:545} INFO - Filling up the DagBag from /opt/airflow/dags/weather_dag.py
[2026-05-31T20:35:55.786+0000] {processor.py:840} INFO - DAG(s) 'weather_pipeline' retrieved from /opt/airflow/dags/weather_dag.py
[2026-05-31T20:35:55.849+0000] {logging_mixin.py:188} INFO - [2026-05-31T20:35:55.848+0000] {dag.py:3096} INFO - Sync 1 DAGs
[2026-05-31T20:35:55.906+0000] {logging_mixin.py:188} INFO - [2026-05-31T20:35:55.906+0000] {dag.py:3954} INFO - Setting next_dagrun for weather_pipeline to 2026-05-31 20:00:00+00:00, run_after=2026-05-31 21:00:00+00:00
[2026-05-31T20:35:55.953+0000] {processor.py:183} INFO - Processing /opt/airflow/dags/weather_dag.py took 0.708 seconds
[2026-05-31T20:36:26.285+0000] {processor.py:161} INFO - Started process (PID=747) to work on /opt/airflow/dags/weather_dag.py
[2026-05-31T20:36:26.288+0000] {processor.py:830} INFO - Processing file /opt/airflow/dags/weather_dag.py for tasks to queue
[2026-05-31T20:36:26.292+0000] {logging_mixin.py:188} INFO - [2026-05-31T20:36:26.291+0000] {dagbag.py:545} INFO - Filling up the DagBag from /opt/airflow/dags/weather_dag.py
[2026-05-31T20:36:26.675+0000] {processor.py:840} INFO - DAG(s) 'weather_pipeline' retrieved from /opt/airflow/dags/weather_dag.py
[2026-05-31T20:36:26.734+0000] {logging_mixin.py:188} INFO - [2026-05-31T20:36:26.733+0000] {dag.py:3096} INFO - Sync 1 DAGs
[2026-05-31T20:36:26.786+0000] {logging_mixin.py:188} INFO - [2026-05-31T20:36:26.786+0000] {dag.py:3954} INFO - Setting next_dagrun for weather_pipeline to 2026-05-31 20:00:00+00:00, run_after=2026-05-31 21:00:00+00:00
[2026-05-31T20:36:26.826+0000] {processor.py:183} INFO - Processing /opt/airflow/dags/weather_dag.py took 0.554 seconds
[2026-05-31T20:36:57.234+0000] {processor.py:161} INFO - Started process (PID=755) to work on /opt/airflow/dags/weather_dag.py
[2026-05-31T20:36:57.236+0000] {processor.py:830} INFO - Processing file /opt/airflow/dags/weather_dag.py for tasks to queue
[2026-05-31T20:36:57.241+0000] {logging_mixin.py:188} INFO - [2026-05-31T20:36:57.240+0000] {dagbag.py:545} INFO - Filling up the DagBag from /opt/airflow/dags/weather_dag.py
[2026-05-31T20:36:57.577+0000] {processor.py:840} INFO - DAG(s) 'weather_pipeline' retrieved from /opt/airflow/dags/weather_dag.py
[2026-05-31T20:36:57.636+0000] {logging_mixin.py:188} INFO - [2026-05-31T20:36:57.635+0000] {dag.py:3096} INFO - Sync 1 DAGs
[2026-05-31T20:36:57.690+0000] {logging_mixin.py:188} INFO - [2026-05-31T20:36:57.689+0000] {dag.py:3954} INFO - Setting next_dagrun for weather_pipeline to 2026-05-31 20:00:00+00:00, run_after=2026-05-31 21:00:00+00:00
[2026-05-31T20:36:57.733+0000] {processor.py:183} INFO - Processing /opt/airflow/dags/weather_dag.py took 0.514 seconds
[2026-05-31T20:37:28.010+0000] {processor.py:161} INFO - Started process (PID=763) to work on /opt/airflow/dags/weather_dag.py
[2026-05-31T20:37:28.012+0000] {processor.py:830} INFO - Processing file /opt/airflow/dags/weather_dag.py for tasks to queue
[2026-05-31T20:37:28.017+0000] {logging_mixin.py:188} INFO - [2026-05-31T20:37:28.016+0000] {dagbag.py:545} INFO - Filling up the DagBag from /opt/airflow/dags/weather_dag.py
[2026-05-31T20:37:28.399+0000] {processor.py:840} INFO - DAG(s) 'weather_pipeline' retrieved from /opt/airflow/dags/weather_dag.py
[2026-05-31T20:37:28.453+0000] {logging_mixin.py:188} INFO - [2026-05-31T20:37:28.452+0000] {dag.py:3096} INFO - Sync 1 DAGs
[2026-05-31T20:37:28.511+0000] {logging_mixin.py:188} INFO - [2026-05-31T20:37:28.510+0000] {dag.py:3954} INFO - Setting next_dagrun for weather_pipeline to 2026-05-31 20:00:00+00:00, run_after=2026-05-31 21:00:00+00:00
[2026-05-31T20:37:28.551+0000] {processor.py:183} INFO - Processing /opt/airflow/dags/weather_dag.py took 0.562 seconds
[2026-05-31T20:37:59.011+0000] {processor.py:161} INFO - Started process (PID=772) to work on /opt/airflow/dags/weather_dag.py
[2026-05-31T20:37:59.033+0000] {processor.py:830} INFO - Processing file /opt/airflow/dags/weather_dag.py for tasks to queue
[2026-05-31T20:37:59.043+0000] {logging_mixin.py:188} INFO - [2026-05-31T20:37:59.042+0000] {dagbag.py:545} INFO - Filling up the DagBag from /opt/airflow/dags/weather_dag.py
[2026-05-31T20:37:59.594+0000] {processor.py:840} INFO - DAG(s) 'weather_pipeline' retrieved from /opt/airflow/dags/weather_dag.py
[2026-05-31T20:37:59.671+0000] {logging_mixin.py:188} INFO - [2026-05-31T20:37:59.670+0000] {dag.py:3096} INFO - Sync 1 DAGs
[2026-05-31T20:37:59.753+0000] {logging_mixin.py:188} INFO - [2026-05-31T20:37:59.752+0000] {dag.py:3954} INFO - Setting next_dagrun for weather_pipeline to 2026-05-31 20:00:00+00:00, run_after=2026-05-31 21:00:00+00:00
[2026-05-31T20:37:59.819+0000] {processor.py:183} INFO - Processing /opt/airflow/dags/weather_dag.py took 0.862 seconds
